{
"type": "FeatureCollection",
"name": "gov_with_pop",
"crs": { "type": "name", "properties": { "name": "urn:ogc:def:crs:EPSG::3857" } },
"features": [
{ "type": "Feature", "properties": { "gid": 1, "gm_layer": "Governorate", "gm_type": "Unknown Area Type", "id_0": 69, "iso": "EGY", "name_0": "Egypt", "id_1": 2, "name": "Al Bahr al Ahmar", "hasc_1": "EG.BA", "ccn_1": 0, "cca_1": null, "type_1": "Muhafazah", "type": "Governorate", "nl_name_1": "Ù…Ø­Ø§ÙØ¸Ø© Ø§Ù„Ø¨Ø­Ø± Ø§Ù„Ø£Ø­Ù…Ø±", "varname_1": "Mar Rojo|Mar Vermelho|Mer Rouge|Red Sea", "name_1": null, "engtype_1": null, "perimeter": "2995.8 km", "enclosed_a": "124262 sq km", "length": null, "width": "346.98 km", "island_are": null, "layer": null, "shape_leng": null, "shape_area": null, "population_sum": 364695.0 }, "geometry": { "type": "MultiPolygon", "coordinates": [ [ [ [ 4096753.528586685657501, 2528912.27722156746313 ], [ 4096809.199464030563831, 2529697.403891190886497 ], [ 4096391.127984407357872, 2530794.274547224864364 ], [ 4095082.133224118035287, 2531880.554076971486211 ], [ 4094281.59023802774027, 2533053.83025636523962 ], [ 4093875.396548071876168, 2533323.184862909372896 ], [ 4093264.018772686365992, 2532865.707736884709448 ], [ 4093340.150172439403832, 2532533.069356143474579 ], [ 4093781.287050555925816, 2532676.817956658545882 ], [ 4093872.880727579817176, 2532440.579474763479084 ], [ 4093717.890600548591465, 2532208.888173022773117 ], [ 4094018.46435763919726, 2532162.055036496371031 ], [ 4094163.35780685627833, 2531842.340604999568313 ], [ 4093664.123286495916545, 2531520.348353597335517 ], [ 4093557.568269908428192, 2531687.828755840659142 ], [ 4093034.233079791534692, 2531545.867581401020288 ], [ 4092613.155973916407675, 2531746.681087637785822 ], [ 4092090.299457609187812, 2531632.053859260864556 ], [ 4091231.836940458975732, 2531896.048648732714355 ], [ 4090859.228340875823051, 2531751.080596162937582 ], [ 4090230.863211194984615, 2531859.133365778718144 ], [ 4088338.420735760126263, 2532541.448045995552093 ], [ 4088162.83650293154642, 2532682.696312308311462 ], [ 4088413.861954670865089, 2532835.089489354286343 ], [ 4087244.127877364400774, 2533416.485029767267406 ], [ 4086344.321301333140582, 2534439.646957640070468 ], [ 4085813.104691267479211, 2535387.065038000699133 ], [ 4085807.527584779076278, 2535842.458278185222298 ], [ 4085419.356520383153111, 2536359.882437649648637 ], [ 4084209.781197321135551, 2536174.548644312657416 ], [ 4083599.783783621620387, 2536557.999708110000938 ], [ 4082567.429089902900159, 2537859.412778962403536 ], [ 4080385.555938405450433, 2539291.659188247285783 ], [ 4080063.419595947489142, 2539683.539310222957283 ], [ 4079287.266710289753973, 2541546.555682145059109 ], [ 4077071.441114101093262, 2542648.081878645345569 ], [ 4076191.694310310296714, 2544098.743328594136983 ], [ 4074336.766503273509443, 2545483.916392958723009 ], [ 4073759.886638084426522, 2546225.48107232619077 ], [ 4072178.348368485923856, 2547578.030566486064345 ], [ 4069923.31604763912037, 2548873.316721696872264 ], [ 4069459.803951873909682, 2549847.804090030957013 ], [ 4069196.8673146199435, 2549713.992834611330181 ], [ 4069165.39729457302019, 2549479.970100813079625 ], [ 4066369.352248471230268, 2551267.436297298409045 ], [ 4064787.891902517061681, 2551874.116003065835685 ], [ 4063758.976981063373387, 2551891.181480994448066 ], [ 4061986.303145772777498, 2553384.947405545040965 ], [ 4061469.290902732871473, 2553655.987611984834075 ], [ 4060642.821607236750424, 2553476.216417116113007 ], [ 4060139.123175295069814, 2553719.502574181184173 ], [ 4059409.590892381500453, 2554422.215333630796522 ], [ 4058875.168280980549753, 2554472.324252182617784 ], [ 4057460.431136387400329, 2555241.622679035179317 ], [ 4056654.53368278965354, 2556318.598674182780087 ], [ 4056125.098184577189386, 2557515.274376709479839 ], [ 4055560.864213542081416, 2558270.421654379460961 ], [ 4055269.407522746827453, 2560596.755169108510017 ], [ 4054808.177476543467492, 2561778.828729372471571 ], [ 4054939.37862839223817, 2562246.558733243029565 ], [ 4055440.605767637956887, 2562666.673099398147315 ], [ 4055492.681025431025773, 2563329.368793197441846 ], [ 4055029.758922967128456, 2564414.982966053299606 ], [ 4054514.371944492682815, 2564810.148087457753718 ], [ 4053313.7578404401429, 2565299.811709767207503 ], [ 4052968.711946777068079, 2565194.687290009111166 ], [ 4052686.205343041568995, 2564715.649658931884915 ], [ 4051972.680802904535085, 2564754.756960586179048 ], [ 4049201.782829772215337, 2566679.149236080236733 ], [ 4046097.705620696302503, 2568429.05975868133828 ], [ 4042480.679329994134605, 2571680.060560747981071 ], [ 4041750.65724132116884, 2573323.452481070067734 ], [ 4040871.188736258074641, 2574208.283928749151528 ], [ 4040644.94300316972658, 2574682.267606650013477 ], [ 4040469.62593711912632, 2575777.708280941005796 ], [ 4040567.086151308845729, 2578501.346954823005944 ], [ 4039878.953587021213025, 2579328.338055493310094 ], [ 4039592.127787043806165, 2581214.436728242319077 ], [ 4038361.668927508872002, 2583433.646306737326086 ], [ 4037293.391434111166745, 2583713.217677414417267 ], [ 4036711.402004294563085, 2584317.146979965735227 ], [ 4036510.136364940553904, 2584638.479848843067884 ], [ 4036437.990202957764268, 2586203.764277967624366 ], [ 4036291.193190448451787, 2586496.467311655636877 ], [ 4035462.363921747077256, 2586260.058951503131539 ], [ 4034861.394518750719726, 2586532.26110710715875 ], [ 4033037.97012760816142, 2588719.712602205108851 ], [ 4032581.960965522099286, 2589488.036473037209362 ], [ 4031816.216452253516763, 2589790.181977968197316 ], [ 4031272.97733718296513, 2590255.358598947525024 ], [ 4030859.113734310958534, 2590178.640467816963792 ], [ 4029833.171043262351304, 2590567.735338758677244 ], [ 4029088.120823331642896, 2591340.415403949096799 ], [ 4028525.60117245465517, 2592359.564313059672713 ], [ 4028263.310188247822225, 2593222.029507135506719 ], [ 4027704.441816668957472, 2593576.762253051623702 ], [ 4027165.866988262161613, 2593446.279270513914526 ], [ 4026749.376245408784598, 2592275.344621955417097 ], [ 4026511.608945023734123, 2592015.64279549010098 ], [ 4026083.362863941583782, 2591897.45309210056439 ], [ 4024806.684151829686016, 2592096.254037861246616 ], [ 4023471.206484680995345, 2592974.473942645825446 ], [ 4021197.461357432417572, 2592744.560286303050816 ], [ 4018461.940718474797904, 2592936.398080427199602 ], [ 4017739.544014920480549, 2593417.540577172767371 ], [ 4015932.316609688103199, 2594066.417420832440257 ], [ 4014941.127863665111363, 2594038.86005764734 ], [ 4013741.036961218807846, 2594817.554233972448856 ], [ 4012388.727787062060088, 2594559.393106476869434 ], [ 4012467.597646289039403, 2594295.33594366023317 ], [ 4012781.885964645538479, 2594138.580768528394401 ], [ 4012792.516976016573608, 2593916.782938869670033 ], [ 4012556.720030618365854, 2593781.459128917194903 ], [ 4011454.211793801747262, 2594655.690258899703622 ], [ 4009755.097878027707338, 2595191.74782138178125 ], [ 4008739.318656488787383, 2595385.665288032963872 ], [ 4004956.771414924878627, 2595562.088599652517587 ], [ 4004711.311937726568431, 2595731.491019621957093 ], [ 4004455.499747882597148, 2597161.724996075034142 ], [ 4003612.577431647572666, 2596923.848892556037754 ], [ 4003200.539468425326049, 2595973.440602369606495 ], [ 4001521.808151415083557, 2594984.72886615851894 ], [ 4001069.105178206693381, 2596126.653438602108508 ], [ 4001033.594260644167662, 2596556.73574704118073 ], [ 4001286.122525508049875, 2596913.555325576569885 ], [ 4001306.171165799722075, 2597384.21803741902113 ], [ 4001035.90970605192706, 2597761.848819192964584 ], [ 4000208.093444716650993, 2597620.411250273697078 ], [ 3999883.02939965063706, 2595948.510617836378515 ], [ 3999644.482862830162048, 2595605.298782012891024 ], [ 3999146.829079239163548, 2595445.550782116595656 ], [ 3998806.647847324144095, 2595741.168452261015773 ], [ 3998647.316260151099414, 2596186.493349799420685 ], [ 3999097.458885072730482, 2596914.641399164218456 ], [ 3999259.17270934721455, 2597688.29389137076214 ], [ 3999043.880814153235406, 2598065.352345969993621 ], [ 3998111.769321894738823, 2598368.378708709962666 ], [ 3998762.409481683280319, 2597597.940649027470499 ], [ 3998511.005543674807996, 2597324.084161331411451 ], [ 3998114.607968909665942, 2597537.238801714964211 ], [ 3996973.816959209274501, 2597676.853384043555707 ], [ 3995538.007035007700324, 2598415.832303140778095 ], [ 3995503.420069218613207, 2598929.020502340048552 ], [ 3995988.10513213230297, 2599144.452784187626094 ], [ 3996901.770984767470509, 2598481.328625053633004 ], [ 3997163.672350757289678, 2598505.57451933901757 ], [ 3997207.521098180208355, 2598699.144685299135745 ], [ 3995363.947879203595221, 2599845.441817549988627 ], [ 3994883.158998467959464, 2600987.859457724262029 ], [ 3993490.585564491804689, 2601906.579999207053334 ], [ 3990725.320357593242079, 2604256.430005772039294 ], [ 3987409.435553384944797, 2607791.415344843640924 ], [ 3986601.044543193653226, 2609229.615612308960408 ], [ 3985919.246057931799442, 2609792.595555861480534 ], [ 3985717.835703240241855, 2610211.223011298105121 ], [ 3986120.444905591662973, 2610455.619513384997845 ], [ 3986154.464141978416592, 2610968.14415572443977 ], [ 3985455.322080050595105, 2612349.706884280312806 ], [ 3984968.343835626728833, 2613076.950938614085317 ], [ 3984572.402670773211867, 2613373.162909639067948 ], [ 3984590.714727009180933, 2613733.439337376039475 ], [ 3984294.482430058997124, 2614291.898518059868366 ], [ 3983726.619443624280393, 2614063.088621985632926 ], [ 3983445.671312760096043, 2613636.644092841073871 ], [ 3983411.407173494342715, 2613096.229558682069182 ], [ 3983631.007132981903851, 2613024.188515158370137 ], [ 3984047.108257617801428, 2613240.880327526014298 ], [ 3984430.136361539829522, 2613014.440531017724425 ], [ 3984656.037004206329584, 2612345.877906968351454 ], [ 3984431.461063480004668, 2612015.731618492398411 ], [ 3983781.154862164054066, 2611801.870226017199457 ], [ 3983189.959310458507389, 2611906.312409755308181 ], [ 3982387.401441584806889, 2612748.203215076588094 ], [ 3981212.713646938093007, 2613594.667048796545714 ], [ 3979574.580548220314085, 2616000.179129326716065 ], [ 3979069.53515044040978, 2616408.514045690186322 ], [ 3978854.432498380541801, 2616855.038541437126696 ], [ 3978850.302545271813869, 2617645.795361486729234 ], [ 3977066.285253870300949, 2618305.438975309487432 ], [ 3976535.569581512827426, 2618880.572033603210002 ], [ 3974947.56364949978888, 2622118.46305276453495 ], [ 3974032.940449243877083, 2622892.528475078754127 ], [ 3973710.147321789991111, 2623576.279434989206493 ], [ 3973451.051206969190389, 2624980.941208600997925 ], [ 3972505.982125981710851, 2626699.258426673710346 ], [ 3972579.085635586176068, 2627045.489609714131802 ], [ 3972234.306908701080829, 2627049.648442182224244 ], [ 3972011.178121355362236, 2626843.944667912088335 ], [ 3971883.939943377394229, 2626581.653441114816815 ], [ 3971916.144672065041959, 2625804.101214276626706 ], [ 3971514.158858861308545, 2625628.429022166412324 ], [ 3971506.188383319880813, 2626128.081853716168553 ], [ 3970743.193461473565549, 2625748.396532916463912 ], [ 3970594.114399403799325, 2625972.086792574264109 ], [ 3970886.161083500366658, 2626177.09052862226963 ], [ 3969760.498392598237842, 2628993.921765932813287 ], [ 3969851.045666409656405, 2629659.415660107973963 ], [ 3970392.581593271810561, 2629958.406435071956366 ], [ 3970819.191277838777751, 2629870.100384588818997 ], [ 3970976.207419603131711, 2629146.596406283788383 ], [ 3971302.841069487854838, 2628767.892887021880597 ], [ 3971649.601283309049904, 2628930.419595422688872 ], [ 3970831.770380298607051, 2630939.018990734126419 ], [ 3970488.594654080923647, 2632262.041419412009418 ], [ 3969962.765907370019704, 2633309.564656930975616 ], [ 3970243.836489673703909, 2634917.237768067978323 ], [ 3969944.54290672717616, 2636462.251604430377483 ], [ 3969771.006952529307455, 2639311.758909962140024 ], [ 3968458.516760229598731, 2642758.528739445842803 ], [ 3967015.805027599446476, 2645734.954199357889593 ], [ 3966027.410400795284659, 2649818.534220245666802 ], [ 3965301.852223702240735, 2650382.745232299901545 ], [ 3965149.589424195699394, 2651552.453264510724694 ], [ 3964392.205004685558379, 2652965.184553967788815 ], [ 3962498.348771716933697, 2654071.054724062792957 ], [ 3962256.306802885606885, 2654657.76908545428887 ], [ 3962058.369616306386888, 2656690.368463644757867 ], [ 3961484.807071942836046, 2657294.594967999029905 ], [ 3959960.331173325423151, 2658132.291494605597109 ], [ 3959967.477884634397924, 2663668.50215383246541 ], [ 3958685.478100862819701, 2666465.423045905306935 ], [ 3958114.253265805542469, 2668545.238924607168883 ], [ 3958409.060673274099827, 2672633.87949357740581 ], [ 3958334.309635206125677, 2677048.121483718976378 ], [ 3957628.811230355408043, 2678295.271081167273223 ], [ 3956289.704547806177288, 2683532.956927304156125 ], [ 3955664.845982084982097, 2684598.412918456364423 ], [ 3954580.204523541033268, 2685404.503733875695616 ], [ 3954190.063104158267379, 2686425.903927093371749 ], [ 3953751.041296367533505, 2686792.914799448102713 ], [ 3953019.048852707259357, 2686954.205182338599116 ], [ 3951423.217160490807146, 2689159.090548485051841 ], [ 3950599.675567601807415, 2691105.006127265747637 ], [ 3951018.581943405792117, 2691420.938888121396303 ], [ 3950887.080228932667524, 2692063.39560534665361 ], [ 3950138.913063259795308, 2693311.932160905562341 ], [ 3949981.340324042364955, 2694108.349232086446136 ], [ 3949920.88270859234035, 2694917.359246582258493 ], [ 3950324.215487634763122, 2695066.505931174382567 ], [ 3950499.254254957661033, 2694604.538157101720572 ], [ 3950569.474589750170708, 2693418.940241725184023 ], [ 3950707.176799861248583, 2693347.779484737664461 ], [ 3951332.558567189145833, 2696073.091235761996359 ], [ 3952026.936154910828918, 2697487.708894355688244 ], [ 3952338.897895909380168, 2700649.42998975282535 ], [ 3953043.717251866590232, 2702984.3884586696513 ], [ 3953009.608959887642413, 2703654.398664955049753 ], [ 3952351.042852354701608, 2704261.147887074854225 ], [ 3952100.340227139182389, 2704152.342151334043592 ], [ 3951788.378486140165478, 2703514.160510037094355 ], [ 3951275.496196208521724, 2703505.900527266785502 ], [ 3950890.987543059047312, 2703830.89763762941584 ], [ 3950729.006552006118, 2705492.331033871974796 ], [ 3951107.38150121178478, 2705864.870519498363137 ], [ 3951380.437080179341137, 2705485.297027940861881 ], [ 3951317.48590813530609, 2704802.660923229996115 ], [ 3951536.028332460206002, 2704507.126660297624767 ], [ 3951773.461674373596907, 2704672.106698934454471 ], [ 3951998.115538743324578, 2706190.01295056566596 ], [ 3951823.043375573121011, 2707907.863635989371687 ], [ 3951351.082130457274616, 2709112.826800443232059 ], [ 3950550.884234787896276, 2709470.200792674440891 ], [ 3950586.395152350887656, 2710181.485206011682749 ], [ 3950818.028748793061823, 2711072.029997570440173 ], [ 3951209.762036894913763, 2711388.771719641517848 ], [ 3951786.842277167364955, 2710907.992276722099632 ], [ 3952111.371988676954061, 2710164.836803796235472 ], [ 3952321.142437127884477, 2709074.355804780963808 ], [ 3952513.992322978097945, 2708960.450123705435544 ], [ 3952766.153233522549272, 2709194.836191757116467 ], [ 3953017.189817210659385, 2710573.359601709526032 ], [ 3953073.383896163664758, 2714368.650205756071955 ], [ 3953313.956447716802359, 2716040.77640380943194 ], [ 3952566.512858734466136, 2720779.935186776332557 ], [ 3952563.418176889885217, 2722121.959648974705487 ], [ 3950773.256049596704543, 2723356.534791141282767 ], [ 3950768.614026829600334, 2724194.30271259881556 ], [ 3951011.067877777386457, 2724778.252481552772224 ], [ 3951385.401929468847811, 2724746.11704762885347 ], [ 3951657.81185538880527, 2724282.362077406607568 ], [ 3951990.801848198287189, 2724278.664547264110297 ], [ 3952093.549738200381398, 2724780.259427925571799 ], [ 3952416.743615820538253, 2725139.871836283244193 ], [ 3952843.01934191538021, 2724785.903205755166709 ], [ 3952974.142570120748132, 2724100.113790543284267 ], [ 3952671.943548464216292, 2723139.902840855531394 ], [ 3953001.315657824277878, 2722815.130737079773098 ], [ 3953535.471102445852011, 2723423.719027483370155 ], [ 3953661.829856445547193, 2726019.761636967770755 ], [ 3953058.545008040498942, 2727912.087053931783885 ], [ 3952730.753635450731963, 2728390.681572712026536 ], [ 3952201.763415201101452, 2728256.757835668046027 ], [ 3951384.889859810471535, 2725947.335769460070878 ], [ 3951062.6088020154275, 2725671.380925504956394 ], [ 3950744.46882927743718, 2725772.792494058143348 ], [ 3950036.398944187909365, 2727009.623170260339975 ], [ 3949267.515221279114485, 2727772.34004119085148 ], [ 3949323.419869555626065, 2730328.116111077368259 ], [ 3949168.396346677094698, 2731377.604770513717085 ], [ 3949464.984865997452289, 2731835.3861886090599 ], [ 3949960.456787569448352, 2731438.641526227816939 ], [ 3950160.68715565931052, 2731967.575780290178955 ], [ 3949833.975582129787654, 2733815.559299790300429 ], [ 3949320.425375252496451, 2735092.698055786080658 ], [ 3949410.87246152292937, 2735734.671696818899363 ], [ 3949706.470237375237048, 2736094.789161509368569 ], [ 3950363.522399832960218, 2735234.992818348575383 ], [ 3950750.480081779882312, 2735063.085424629971385 ], [ 3950531.503511440940201, 2736602.68731957860291 ], [ 3950813.175218994729221, 2736949.045122782699764 ], [ 3950598.89633116684854, 2737664.328381034079939 ], [ 3950761.344864081591368, 2738529.017225168645382 ], [ 3950641.164341820403934, 2738963.558630698360503 ], [ 3950251.178769724909216, 2738870.182470388244838 ], [ 3950199.292755066417158, 2737948.296071206685156 ], [ 3949937.736479497980326, 2738160.602604078594595 ], [ 3950279.042038270737976, 2740127.739202413707972 ], [ 3950014.936546363867819, 2741360.885861612856388 ], [ 3950312.115058985538781, 2741846.938745693303645 ], [ 3950265.115969972219318, 2742616.364433108363301 ], [ 3949989.923056782223284, 2742857.277366934344172 ], [ 3949639.211001038085669, 2742553.506539815571159 ], [ 3949208.226460482925177, 2742530.333691315725446 ], [ 3949396.389795770402998, 2743213.198150229640305 ], [ 3949774.798140823841095, 2743502.758092593867332 ], [ 3949779.28431630320847, 2743908.038928043562919 ], [ 3948960.061919657979161, 2743959.040753655135632 ], [ 3948998.890158046036959, 2746210.142109400592744 ], [ 3949363.884504458401352, 2746541.778556978795677 ], [ 3949548.496747991070151, 2745644.678396582603455 ], [ 3949921.417042147833854, 2745444.864239650778472 ], [ 3950304.222507087979466, 2746125.772516675293446 ], [ 3950120.467423635534942, 2747092.706622258294374 ], [ 3950770.595513766631484, 2746819.779772262554616 ], [ 3951468.056651382707059, 2748511.851622039917856 ], [ 3951641.05827202508226, 2748517.857168831862509 ], [ 3951610.066925787832588, 2748856.388560224790126 ], [ 3951826.638995126355439, 2749194.464327161666006 ], [ 3951517.070623178500682, 2749532.778839124832302 ], [ 3951641.05827202508226, 2749600.622916968073696 ], [ 3951548.061969415750355, 2750243.810060254298151 ], [ 3952073.779396635480225, 2750615.846066152211279 ], [ 3953063.220426653977484, 2750818.942435997072607 ], [ 3953125.21425107633695, 2750683.46334195882082 ], [ 3953898.083211756777018, 2750717.393922558054328 ], [ 3955258.663424078840762, 2750040.489658356178552 ], [ 3956743.231285246089101, 2749769.777546311728656 ], [ 3957268.948712466750294, 2749296.002989661879838 ], [ 3957732.672315264586359, 2749228.379507448989898 ], [ 3958289.381088722031564, 2748890.071553736925125 ], [ 3958505.530143995769322, 2748517.857168831862509 ], [ 3958289.381088722031564, 2748280.633725880179554 ], [ 3957547.102724113035947, 2748179.320892720017582 ], [ 3956464.665391486138105, 2747570.373514723964036 ], [ 3955722.798908992204815, 2747367.31915583088994 ], [ 3955351.659726687241346, 2746961.206129908096045 ], [ 3954578.367751942947507, 2746555.347201753873378 ], [ 3954423.800638976506889, 2746352.305958523415029 ], [ 3954516.796941585838795, 2746216.865387896075845 ], [ 3955753.378373112995178, 2746758.159642988350242 ], [ 3957423.526957382913679, 2747841.035534957423806 ], [ 3958907.671804485842586, 2748111.714399916585535 ], [ 3959773.537067774217576, 2747570.373514723964036 ], [ 3960013.886980346404016, 2747030.902715447358787 ], [ 3960453.832739910110831, 2746589.02526207594201 ], [ 3960422.830261724069715, 2746149.255158470477909 ], [ 3961010.118499302305281, 2745980.139509696047753 ], [ 3961165.119758282788098, 2745540.386440960690379 ], [ 3961628.832229131367058, 2745134.320616613607854 ], [ 3963947.850993285421282, 2744457.656854698900133 ], [ 3966390.857406285591424, 2744660.442235325463116 ], [ 3967596.870505641680211, 2744965.447284233290702 ], [ 3968338.736988135613501, 2744254.87408884614706 ], [ 3971090.888759017456323, 2743172.245174480136484 ], [ 3971431.036595086101443, 2742631.062159603461623 ], [ 3972853.610631830990314, 2742394.390247936360538 ], [ 3973255.329278256744146, 2742461.984337458387017 ], [ 3974183.188365968409926, 2743476.746434018015862 ], [ 3975543.76857829047367, 2744051.862552145961672 ], [ 3976564.200954545289278, 2745134.320616613607854 ], [ 3977275.499104866757989, 2745303.439345730934292 ], [ 3977182.491670309565961, 2745066.495821431744844 ], [ 3977770.214053901378065, 2745066.495821431744844 ], [ 3978821.648908341303468, 2745946.219161118846387 ], [ 3979285.361379190348089, 2745946.219161118846387 ], [ 3980707.512401870451868, 2745574.062326706480235 ], [ 3981449.801898429635912, 2745032.80884389905259 ], [ 3982655.814997785724699, 2742631.062159603461623 ], [ 3983119.527468633837998, 2742360.489808664191514 ], [ 3983645.244895854499191, 2741751.524204375687987 ], [ 3984016.395210107322782, 2740534.138508871197701 ], [ 3984201.96480126073584, 2740567.803681096062064 ], [ 3984449.105202770791948, 2741311.889329568482935 ], [ 3984449.105202770791948, 2742225.083610055502504 ], [ 3984108.968498652335256, 2742597.161210477352142 ], [ 3983181.532425005920231, 2742969.235431533306837 ], [ 3982964.960355668328702, 2743544.101617835462093 ], [ 3982188.273136454168707, 2744285.076389011461288 ], [ 3982068.092614192981273, 2745168.239213441498578 ], [ 3981789.949734497349709, 2745777.105696728918701 ], [ 3981820.952212683390826, 2746521.425611780025065 ], [ 3981666.373967767227441, 2747096.653115695342422 ], [ 3981140.656540547497571, 2747705.59431287040934 ], [ 3981295.234785462729633, 2748077.789449654985219 ], [ 3980583.947767090518028, 2749160.768498599063605 ], [ 3979377.93466773442924, 2750345.124031660612673 ], [ 3977584.644462748896331, 2751529.581117962952703 ], [ 3974584.907012392766774, 2753018.582392160780728 ], [ 3973348.325580865610391, 2753357.442406802903861 ], [ 3973348.325580865610391, 2753492.713070585392416 ], [ 3971400.034116900060326, 2753628.216427809093148 ], [ 3970441.595565067604184, 2754169.766312273684889 ], [ 3968709.876170440576971, 2754102.12182088335976 ], [ 3967689.443794185761362, 2753628.216427809093148 ], [ 3966947.154297626577318, 2753594.511076847556978 ], [ 3966669.011417931877077, 2753932.688944447319955 ], [ 3966205.28781513357535, 2753865.289191742893308 ], [ 3965803.146154642570764, 2754372.908702860120684 ], [ 3965432.006972337607294, 2754406.384189262054861 ], [ 3964287.99882935360074, 2755185.285229452885687 ], [ 3962772.840372115373611, 2755523.728972626384348 ], [ 3962741.837893929332495, 2756031.633761634118855 ], [ 3963050.983251811936498, 2756370.09578591492027 ], [ 3962896.416138844564557, 2757081.21770526189357 ], [ 3963112.98820818355307, 2757825.854705741163343 ], [ 3962865.836674724705517, 2758503.095220876391977 ], [ 3962927.418617030605674, 2759687.925202227197587 ], [ 3962618.273259149864316, 2760433.1494648354128 ], [ 3962463.695014233700931, 2761381.167083039879799 ], [ 3961875.98376259021461, 2762228.326164364349097 ], [ 3961721.405517674516886, 2763142.507226093672216 ], [ 3961195.688090454321355, 2763549.027592922095209 ], [ 3961134.117280096746981, 2764023.245620146859437 ], [ 3960082.682425655890256, 2765208.737803288735449 ], [ 3958845.677980063017458, 2765818.371252265758812 ], [ 3958448.634752250742167, 2766535.276779340580106 ], [ 3958010.815194961149246, 2766766.959486545529217 ], [ 3957547.102724113035947, 2766733.225821749772877 ], [ 3956773.810749367810786, 2767478.554347567725927 ], [ 3955073.082700977567583, 2767512.045694331172854 ], [ 3954702.366532737389207, 2767952.659957667347044 ], [ 3954423.800638976506889, 2767952.659957667347044 ], [ 3953774.507445026189089, 2768732.004177380818874 ], [ 3953372.365784536581486, 2768867.639612920582294 ], [ 3953279.792495991569012, 2769308.048195243813097 ], [ 3952877.639703552238643, 2769545.12699256464839 ], [ 3952290.351465974468738, 2770392.253269788809121 ], [ 3950466.058782802894711, 2770053.719276091549546 ], [ 3950775.204140685498714, 2769680.757299040444195 ], [ 3951145.497294859495014, 2769816.169216688722372 ], [ 3951610.066925787832588, 2769545.12699256464839 ], [ 3952692.070112400688231, 2768664.296677648089826 ], [ 3952908.64218173827976, 2767613.947156708221883 ], [ 3953248.790017805527896, 2767308.964344789274037 ], [ 3953187.219207448419183, 2766766.959486545529217 ], [ 3952630.499302041716874, 2766428.504124746192247 ], [ 3951677.582196953706443, 2766428.504124746192247 ], [ 3951022.344542195554823, 2766868.612167332321405 ], [ 3951022.344542195554823, 2767207.308796910569072 ], [ 3950806.206618870608509, 2767478.554347567725927 ], [ 3950991.776210023090243, 2767817.264210592955351 ], [ 3950682.207838076166809, 2768494.937734618782997 ], [ 3950960.773731837514788, 2768901.365693364758044 ], [ 3951146.343322990462184, 2768901.365693364758044 ], [ 3951084.349498567171395, 2769070.741245267912745 ], [ 3950496.62711497489363, 2769511.619084286037832 ], [ 3950125.910946735180914, 2769579.086300306022167 ], [ 3950063.917122312355787, 2769918.073528468608856 ], [ 3949600.193519514519721, 2770222.875567554496229 ], [ 3949723.769286244641989, 2770290.57763332920149 ], [ 3948857.904022956266999, 2770561.64501033583656 ], [ 3948765.33073441311717, 2770934.384070992004126 ], [ 3948455.762362465262413, 2771205.462639233097434 ], [ 3948115.614526398014277, 2771205.462639233097434 ], [ 3948023.041237853467464, 2771476.777711406815797 ], [ 3947404.750522089656442, 2771950.99265448981896 ], [ 3947219.180930937640369, 2772526.923782827332616 ], [ 3946786.036792260594666, 2772628.84581283852458 ], [ 3946507.893912564963102, 2773137.319084182847291 ], [ 3945889.60319680115208, 2773476.151868781074882 ], [ 3945301.880813208874315, 2774594.629329590126872 ], [ 3945332.883291394915432, 2774798.281473445706069 ], [ 3944714.59257563110441, 2775374.537513715215027 ], [ 3944312.450915140099823, 2776052.075942268129438 ], [ 3944095.878845802042633, 2776086.061635438818485 ], [ 3944003.305557257495821, 2776594.647786975838244 ], [ 3943477.58813003776595, 2777475.914293761365116 ], [ 3943786.73348791943863, 2778323.471951808780432 ], [ 3944250.457090717740357, 2778628.670408279635012 ], [ 3944250.457090717740357, 2778831.899335317779332 ], [ 3943508.590608222875744, 2779442.309984213672578 ], [ 3943694.160199376288801, 2779950.993656080216169 ], [ 3943292.018538885284215, 2780628.963342139497399 ], [ 3942549.729042327031493, 2780866.44648286094889 ], [ 3942364.159451174549758, 2782697.281952815130353 ], [ 3941127.578019646462053, 2784799.880719753913581 ], [ 3939704.992850951384753, 2786733.658543937373906 ], [ 3939426.849971256218851, 2786835.209694227669388 ], [ 3939055.710788951255381, 2787479.701321674045175 ], [ 3937261.986437951680273, 2789447.364059320650995 ], [ 3936551.122433643788099, 2790770.6091203908436 ], [ 3936829.265313339885324, 2790872.418794757686555 ], [ 3936644.541750317439437, 2791586.277918275911361 ], [ 3936210.974597576074302, 2791652.912637230940163 ], [ 3935839.835415271110833, 2792229.806607011705637 ], [ 3935097.545918712858111, 2792704.667569199576974 ], [ 3934726.395604458637536, 2792738.45762352226302 ], [ 3934726.395604458637536, 2792508.476591997779906 ], [ 3934448.252724763005972, 2792569.056093628518283 ], [ 3933891.532819356769323, 2793044.159571541007608 ], [ 3933335.247059964109212, 2793926.360494972206652 ], [ 3932933.105399473570287, 2793994.410264455713332 ], [ 3932778.527154557872564, 2794401.505627197213471 ], [ 3932376.385494067333639, 2794503.339174599386752 ], [ 3932098.242614371702075, 2795725.186298323795199 ], [ 3931634.519011573400348, 2796370.047891785856336 ], [ 3931758.094778303056955, 2796404.078112864401191 ], [ 3931727.092300117015839, 2797456.155977234244347 ], [ 3930211.944974828511477, 2797626.063159732148051 ], [ 3930149.940018456429243, 2797354.522948683705181 ], [ 3930521.090332710184157, 2797456.155977234244347 ], [ 3930521.090332710184157, 2797252.438455745577812 ], [ 3930366.512087794952095, 2797320.502856055740267 ], [ 3930304.518263372592628, 2797116.799341330304742 ], [ 3929222.503944810945541, 2797184.618749822955579 ], [ 3928480.214448251761496, 2797626.063159732148051 ], [ 3928263.642378914169967, 2798033.254103740211576 ], [ 3927027.072079334873706, 2798440.700187469832599 ], [ 3926717.926721452269703, 2798780.085884728003293 ], [ 3925697.483213249128312, 2799322.976733029354364 ], [ 3925264.339074572082609, 2800002.258768038824201 ], [ 3925140.774439791683108, 2801021.005589952692389 ], [ 3923563.622158130630851, 2801360.21573250927031 ], [ 3922110.468657264951617, 2802447.139121850021183 ], [ 3920966.037500215228647, 2804076.487977650016546 ], [ 3920718.885966755915433, 2805163.602675060275942 ], [ 3920100.595250992104411, 2806386.281050505582243 ], [ 3919574.877823771443218, 2806827.756296634674072 ], [ 3919420.3107108050026, 2807507.13639493426308 ], [ 3918709.023692432790995, 2808050.578881173860282 ], [ 3919327.314408196602017, 2808865.754086289554834 ], [ 3919172.736163281369954, 2808899.811863839626312 ], [ 3919172.736163281369954, 2809273.718627066351473 ], [ 3918987.166572127956897, 2809477.117933956440538 ], [ 3918461.449144907761365, 2809579.05095611512661 ], [ 3918214.297611448913813, 2809918.914100612513721 ], [ 3918028.728020296897739, 2810292.613229939714074 ], [ 3918028.728020296897739, 2810938.083771560806781 ], [ 3917812.155950957909226, 2811311.807635146193206 ], [ 3916668.147807973902673, 2812195.053132197353989 ], [ 3915060.004180076997727, 2812433.02143393130973 ], [ 3914348.706029755063355, 2813146.483587530441582 ], [ 3913946.987383329309523, 2813928.104323003906757 ], [ 3913575.848201023880392, 2814063.903598520904779 ], [ 3913204.709018718916923, 2814641.635815310291946 ], [ 3911937.125109005719423, 2815457.172375799156725 ], [ 3911411.40768178505823, 2816272.984658256173134 ], [ 3911318.411379175726324, 2816816.492037628311664 ], [ 3911503.98097032867372, 2817564.454806153196841 ], [ 3912462.842536225914955, 2818312.233728982042521 ], [ 3912926.555007074493915, 2819059.804311809595674 ], [ 3912586.418302955105901, 2820861.320909238420427 ], [ 3913112.135730175767094, 2821337.52964078495279 ], [ 3913915.996037092059851, 2821541.55368286324665 ], [ 3914163.559452666901052, 2821915.535448595415801 ], [ 3914812.852646616753191, 2821779.434209277387708 ], [ 3914750.858822194393724, 2822527.18589469557628 ], [ 3914379.708507939707488, 2822935.500894710421562 ], [ 3913792.420270361937582, 2823139.546187105122954 ], [ 3913452.272434294689447, 2823479.476738830562681 ], [ 3913143.127076412085444, 2823479.476738830562681 ], [ 3912709.982937735971063, 2824023.484118451364338 ], [ 3912307.841277244966477, 2824195.092448466923088 ], [ 3911503.98097032867372, 2825791.953599537257105 ], [ 3911225.838090632576495, 2827559.941510519012809 ], [ 3910731.112009649164975, 2828138.181965473107994 ], [ 3909272.448193988762796, 2828177.180249483790249 ], [ 3909153.970859936904162, 2827934.5231525413692 ], [ 3909339.540451090317219, 2827594.493782628793269 ], [ 3908690.247257139999419, 2827764.281009173486382 ], [ 3908659.244778953958303, 2828002.490750842262059 ], [ 3909463.116217819508165, 2828716.676905135624111 ], [ 3909463.116217819508165, 2829022.861344505101442 ], [ 3908195.532308105379343, 2830315.417781296186149 ], [ 3908102.53600549697876, 2830689.834165115840733 ], [ 3907360.66952300304547, 2830961.963498046156019 ], [ 3907236.670742208138108, 2831744.259720919653773 ], [ 3907298.664566630963236, 2832526.595951117109507 ], [ 3907731.385691243223846, 2833887.429942509625107 ], [ 3908288.105596648529172, 2834193.730133475735784 ], [ 3908350.099421071819961, 2834602.123603142332286 ], [ 3908071.533527310937643, 2834874.322563532739878 ], [ 3907082.092497292440385, 2834806.324430089443922 ], [ 3906154.667555595748127, 2835112.643036267254502 ], [ 3905474.371883459854871, 2836575.819880750030279 ], [ 3905257.799814122263342, 2836711.819950425066054 ], [ 3905566.945172003470361, 2837801.003551839850843 ], [ 3905474.371883459854871, 2838073.259519165381789 ], [ 3906061.660121037624776, 2839298.563360929023474 ], [ 3906123.66507740970701, 2840557.860930871684104 ], [ 3905072.230222968850285, 2843111.134761876892298 ], [ 3905010.225266596768051, 2843894.2865150407888 ], [ 3904515.510317563079298, 2844475.474471933208406 ], [ 3904082.789192952215672, 2845528.75640632212162 ], [ 3903371.502174578607082, 2845665.056976567488164 ], [ 3903216.935061611700803, 2846107.432380407582968 ], [ 3902072.926918627694249, 2847605.80837335716933 ], [ 3901794.349892918020487, 2847844.094922020565718 ], [ 3901330.637422069441527, 2847844.094922020565718 ], [ 3901083.485888610128313, 2848865.559668187052011 ], [ 3900403.201348423026502, 2849853.422112679108977 ], [ 3899506.344738898333162, 2850537.043755089398474 ], [ 3899228.190727252978832, 2850943.545335414819419 ], [ 3897991.186281659640372, 2851692.959174695890397 ], [ 3896939.751427218783647, 2853021.581967553589493 ], [ 3896507.030302608385682, 2853328.254666887689382 ], [ 3896259.466887032613158, 2854009.469174413941801 ], [ 3895733.749459812417626, 2854350.553967629093677 ], [ 3895486.597926353570074, 2856122.088262671604753 ], [ 3895671.744503440335393, 2858541.313149431720376 ], [ 3894806.313386166002601, 2859154.887764019425958 ], [ 3894867.884196524042636, 2860416.063361477572471 ], [ 3894589.741316828411072, 2861506.724283940624446 ], [ 3894867.884196524042636, 2862052.311199093703181 ], [ 3894775.310907980892807, 2863006.620125437155366 ], [ 3893847.451820269227028, 2863824.745233881752938 ], [ 3893600.300286810379475, 2864438.30056021315977 ], [ 3893136.164801897015423, 2864881.68956273375079 ], [ 3892734.446155471261591, 2865737.144841651432216 ], [ 3892548.876564319245517, 2866722.816422831267118 ], [ 3892394.298319402616471, 2866893.50705329887569 ], [ 3892054.150483335368335, 2866757.003496682271361 ], [ 3891775.584589574486017, 2867302.54635179694742 ], [ 3890570.005636232439429, 2868325.555144312791526 ], [ 3890229.85780016425997, 2868257.419518249109387 ], [ 3890260.426132335793227, 2868803.249747222755104 ], [ 3890105.85901936981827, 2868837.208257146179676 ], [ 3890013.285730825737119, 2869144.201067118439823 ], [ 3889796.713661487214267, 2869178.160342648625374 ], [ 3889642.135416571982205, 2869894.036182443611324 ], [ 3889301.998712453059852, 2869792.411597328726202 ], [ 3889301.998712453059852, 2870133.139658492989838 ], [ 3889487.568303605541587, 2870303.402203094679862 ], [ 3889116.429121301043779, 2870576.474570440594107 ], [ 3889054.8471789942123, 2871156.352245172485709 ], [ 3889487.568303605541587, 2872316.407670417334884 ], [ 3890353.433566893916577, 2873646.373441313393414 ], [ 3890044.288209011778235, 2874704.016784152016044 ], [ 3890013.285730825737119, 2875761.721945486031473 ], [ 3888590.711694080848247, 2876887.700062921736389 ], [ 3888095.985613096505404, 2877570.208896846044809 ], [ 3887848.845211585983634, 2878457.070609865244478 ], [ 3886858.981167504098266, 2879310.46919172257185 ], [ 3886704.414054537657648, 2880777.92647052789107 ], [ 3885436.830144823528826, 2882928.265869428403676 ], [ 3885405.82766663748771, 2883645.273658663965762 ], [ 3885065.690962519031018, 2884123.2076984369196 ], [ 3885189.255597298964858, 2884396.296852892264724 ], [ 3884849.118893180042505, 2884703.372912168968469 ], [ 3884725.543126450385898, 2885147.357520735356957 ], [ 3884076.24993250053376, 2885318.023158839438111 ], [ 3883241.387147399131209, 2886410.471664634067565 ], [ 3883086.820034431759268, 2886922.972173464018852 ], [ 3882839.245486908126622, 2887059.424766840878874 ], [ 3882932.241789516527206, 2888117.776454373728484 ], [ 3882097.379004414193332, 2889791.023432005662471 ], [ 3882127.958468534983695, 2890849.801079072989523 ], [ 3881509.667752771638334, 2892010.906749470159411 ], [ 3881231.524873075075448, 2892250.361454285681248 ], [ 3880921.945369178894907, 2893069.594955503474921 ], [ 3880056.514251904562116, 2894162.853079962544143 ], [ 3879932.515471110120416, 2894675.372142720967531 ], [ 3880025.511773718520999, 2895016.675890529993922 ], [ 3879406.798043889924884, 2896486.367961445357651 ], [ 3878912.083094855304807, 2897032.988565462641418 ], [ 3878850.501152548473328, 2897442.84716579457745 ], [ 3876314.921451005153358, 2899663.862868325784802 ], [ 3876036.344425294548273, 2900483.981247570831329 ], [ 3875603.634432631544769, 2901065.012750017922372 ], [ 3874675.775344921741635, 2900791.620262588839978 ], [ 3875263.486596564296633, 2901338.397924545686692 ], [ 3875294.48907475033775, 2901611.800393892917782 ], [ 3874861.344936073292047, 2902329.467176744714379 ], [ 3874490.194621820468456, 2902568.852942036930472 ], [ 3874150.057917701080441, 2903833.434400731232017 ], [ 3873469.762245564721525, 2904927.699601883068681 ], [ 3873439.193913393653929, 2905747.872591231949627 ], [ 3873593.761026360094547, 2906157.96979914791882 ], [ 3873068.043599139433354, 2906670.911749936174601 ], [ 3872975.04729653056711, 2907457.368299633264542 ], [ 3871336.324204511940479, 2910056.0241370042786 ], [ 3869388.02160859759897, 2912381.539989435113966 ], [ 3868738.739546596538275, 2912518.458585856948048 ], [ 3868182.44265525508672, 2913407.62275670748204 ], [ 3867687.304692155681551, 2914776.232853994239122 ], [ 3868027.452528222929686, 2916212.632110705133528 ], [ 3867718.307170341722667, 2916280.985676514916122 ], [ 3867502.15811506845057, 2917273.280749648809433 ], [ 3866976.440687847789377, 2917341.639179368503392 ], [ 3867285.586045729927719, 2917855.19960712082684 ], [ 3867316.588523915968835, 2918333.992558381520212 ], [ 3867471.155636882409453, 2918368.063307678326964 ], [ 3866481.725738814100623, 2921174.006498170550913 ], [ 3865863.000877035781741, 2922063.921321195084602 ], [ 3864904.573457153048366, 2922816.874851781874895 ], [ 3863296.418697305954993, 2924870.314923719502985 ], [ 3863018.275817609857768, 2924905.103055924642831 ], [ 3862121.408076134976, 2926993.156212956644595 ], [ 3862028.834787591826171, 2928807.596268807537854 ], [ 3862275.986321051605046, 2928978.761065492406487 ], [ 3862214.41551069309935, 2929218.575064764358103 ], [ 3861843.265196439810097, 2929389.498061328660697 ], [ 3861750.268893831409514, 2930143.069312487728894 ], [ 3861873.84466056060046, 2930523.265585007146001 ], [ 3861719.689429710619152, 2931238.799656136892736 ], [ 3861472.126014134846628, 2931409.992483803536743 ], [ 3861162.980656253173947, 2931341.322791769169271 ], [ 3860822.832820184994489, 2932197.756443048361689 ], [ 3860297.115392964798957, 2932882.793466439470649 ], [ 3860420.691159693989903, 2934047.1737683522515 ], [ 3860080.543323626276106, 2934800.734981392044574 ], [ 3860173.53962623514235, 2935657.134108140133321 ], [ 3859647.822199014946818, 2936171.315512901172042 ], [ 3858812.959413912612945, 2937541.319792283233255 ], [ 3858318.24446487845853, 2937884.309345818124712 ], [ 3857421.387855352833867, 2938123.56433957349509 ], [ 3857143.244975656270981, 2938603.49205511668697 ], [ 3857452.390333538874984, 2939186.012726549059153 ], [ 3856772.094661402981728, 2939939.835350011009723 ], [ 3856462.949303520377725, 2941001.945301030296832 ], [ 3856215.37475599674508, 2941242.188271174672991 ], [ 3855875.238051877822727, 2941242.188271174672991 ], [ 3856184.383409759495407, 2941379.1386255514808 ], [ 3856400.955479098018259, 2941755.872754306532443 ], [ 3856277.379712368827313, 2942681.618233137298375 ], [ 3856029.805164844263345, 2942886.823635890614241 ], [ 3856215.37475599674508, 2943332.543230685405433 ], [ 3856246.377234182786196, 2944463.38024092046544 ], [ 3855844.23557369178161, 2945320.573039057198912 ], [ 3855720.659806962125003, 2946931.525658519938588 ], [ 3854669.224952521268278, 2948165.981335178017616 ], [ 3854236.503827910404652, 2948988.544189807958901 ], [ 3851607.927823757287115, 2951046.083910625427961 ], [ 3851175.206699145957828, 2952143.363150790799409 ], [ 3850989.637107993476093, 2952383.318214545026422 ], [ 3850773.065038655418903, 2952383.318214545026422 ], [ 3850370.923378164414316, 2953000.767356039024889 ], [ 3850494.922158958856016, 2953515.33011447172612 ], [ 3850092.769366519525647, 2953892.361582649406046 ], [ 3849907.199775366578251, 2955230.101004711352289 ], [ 3849536.060593062080443, 2955847.657047154381871 ], [ 3849443.487304517999291, 2956362.319204636383802 ], [ 3849443.487304517999291, 2956807.976624262519181 ], [ 3849721.630184214562178, 2957013.847810082137585 ], [ 3849783.624008637387305, 2957288.277216701302677 ], [ 3848020.902135824318975, 2958283.545074932277203 ], [ 3847989.910789587069303, 2959072.273316053673625 ], [ 3847557.189664975740016, 2959038.121142807882279 ], [ 3847433.613898245617747, 2959277.941478488966823 ], [ 3847526.187186789698899, 2959724.403577630408108 ], [ 3847989.910789587069303, 2960410.483313684351742 ], [ 3847773.761734313797206, 2960582.002069449517876 ], [ 3847897.326369094662368, 2961645.833601346705109 ], [ 3847773.761734313797206, 2962160.686164859682322 ], [ 3846598.751113143283874, 2962503.778848377522081 ], [ 3845887.464094770606607, 2964426.05392951797694 ], [ 3845547.316258703358471, 2964528.572937638033181 ], [ 3845052.601309668738395, 2964288.41985676297918 ], [ 3845114.172120026312768, 2964665.739719541743398 ], [ 3845701.894503618590534, 2965318.105703631415963 ], [ 3845454.319956094957888, 2966210.446433448698372 ], [ 3845516.313780517317355, 2966657.119087436702102 ], [ 3844898.023064753506333, 2967240.5018155509606 ], [ 3844929.025542939081788, 2967583.713120633736253 ], [ 3845145.174598212353885, 2967721.143251901958138 ], [ 3844990.596353297121823, 2968029.71071597840637 ], [ 3844619.457170991692692, 2968373.422487678006291 ], [ 3844155.733568193856627, 2968442.01749382307753 ], [ 3843258.876958669163287, 2969231.995518654584885 ], [ 3842455.01665175287053, 2970605.075174521189183 ], [ 3841743.729633380193263, 2971154.199622858781368 ], [ 3840877.864370092283934, 2971291.898070252966136 ], [ 3839795.861183479428291, 2972665.40546088386327 ], [ 3839517.284157769288868, 2972665.40546088386327 ], [ 3839053.571686920709908, 2972287.422504263464361 ], [ 3839022.569208734668791, 2972562.124921879265457 ], [ 3839270.143756259232759, 2972836.844849458895624 ], [ 3838898.993442005477846, 2973420.955517260823399 ], [ 3838898.993442005477846, 2974039.04153341287747 ], [ 3837878.561065750662237, 2975859.52437885850668 ], [ 3837754.98529902100563, 2976581.021416098810732 ], [ 3837136.271569191478193, 2977851.941832658369094 ], [ 3835930.692615850362927, 2978710.847625352907926 ], [ 3834384.542812374886125, 2978642.204547392670065 ], [ 3833734.826604360248893, 2979054.327581725083292 ], [ 3833085.533410409465432, 2979054.327581725083292 ], [ 3833425.681246478110552, 2979535.591551654972136 ], [ 3833178.529713018797338, 2980085.050843926612288 ], [ 3832776.388052528258413, 2980085.050843926612288 ], [ 3832498.245172831695527, 2980428.798082994762808 ], [ 3831817.949500696267933, 2982593.391454611439258 ], [ 3831106.662482324056327, 2982455.821751139126718 ], [ 3831044.668657900765538, 2982765.652322354726493 ], [ 3831323.234551661647856, 2983005.638204909395427 ], [ 3831910.522789239417762, 2982834.079692573752254 ], [ 3831972.527745611499995, 2983280.776883232872933 ], [ 3831477.812796576879919, 2983796.402124857995659 ], [ 3831292.23207347560674, 2984311.798101838678122 ], [ 3830921.09289117064327, 2984552.514641053974628 ], [ 3830704.520821833051741, 2986133.324648904148489 ], [ 3830859.087934799492359, 2987199.235246038064361 ], [ 3830333.804653592873365, 2988092.687541064340621 ], [ 3830271.799697220791131, 2988643.174150627572089 ], [ 3829560.512678848579526, 2990258.887306941207498 ], [ 3829065.797729813493788, 2990224.649992238264531 ], [ 3829127.791554236784577, 2990430.991063494700938 ], [ 3828911.219484898261726, 2990740.285333538427949 ], [ 3829034.795251627452672, 2991359.339191275648773 ], [ 3828818.223182289861143, 2991531.468313560355455 ], [ 3828942.221963084302843, 2991771.833537738304585 ], [ 3828447.507014049682766, 2992012.673142422921956 ], [ 3827550.639272576197982, 2991599.936780286487192 ], [ 3827427.074637794867158, 2992047.137485258746892 ], [ 3826962.928020932711661, 2992287.746424436569214 ], [ 3827612.644228948280215, 2992597.315300142858177 ], [ 3826839.352254202589393, 2994626.029418292921036 ], [ 3826252.064016624819487, 2994901.399670094717294 ], [ 3826066.494425473269075, 2995211.246954189613461 ], [ 3824056.621019199956208, 2996139.664362308103591 ], [ 3823314.331522641237825, 2997102.864945795852691 ], [ 3822974.194818522781134, 2997721.718599939253181 ], [ 3822788.614095420576632, 2998891.720129854977131 ], [ 3821737.17924098065123, 3000612.048741702921689 ], [ 3821303.612088238354772, 3001816.31190446484834 ], [ 3821025.892222608439624, 3001713.060310025699437 ], [ 3821149.891003402881324, 3002160.336396280210465 ], [ 3820129.458627148065716, 3004845.000658931210637 ], [ 3820098.456148962024599, 3005808.294796328991652 ], [ 3819789.310791079420596, 3007219.803462287876755 ], [ 3819603.741199927870184, 3007563.955951413139701 ], [ 3819263.593363859225065, 3007632.73537905421108 ], [ 3818737.875936638563871, 3009422.899702368304133 ], [ 3818212.158509419765323, 3010111.552865946199745 ], [ 3817284.299421708099544, 3010800.238729745615274 ], [ 3816697.011184129863977, 3010834.760029897559434 ], [ 3816325.860869876109064, 3011316.368628249038011 ], [ 3816480.439114791806787, 3011833.211094391532242 ], [ 3816913.583253468386829, 3011695.364801176358014 ], [ 3816820.586950859054923, 3012280.799112981185317 ], [ 3817037.159020197577775, 3012935.309594982303679 ], [ 3816820.586950859054923, 3013176.264567855745554 ], [ 3816820.586950859054923, 3013486.030741927679628 ], [ 3816542.432939214631915, 3013761.510746565181762 ], [ 3816047.717990180011839, 3013864.860491877421737 ], [ 3815150.861380654387176, 3014622.772887781262398 ], [ 3814687.137777857482433, 3015311.437575938180089 ], [ 3814470.565708518959582, 3016826.994641906116158 ], [ 3814161.420350637752563, 3017412.63639846118167 ], [ 3813450.133332264143974, 3017791.568889550864697 ], [ 3813017.412207652814686, 3018514.911547069437802 ], [ 3811965.988485161680728, 3019238.538422404322773 ], [ 3811965.988485161680728, 3019824.042136024683714 ], [ 3811440.271057941019535, 3021615.713915398810059 ], [ 3810914.553630720824003, 3022063.840226541273296 ], [ 3808997.253512991592288, 3025268.810524282976985 ], [ 3808502.538563957437873, 3028784.5988217019476 ], [ 3808224.395684261340648, 3029405.27867831569165 ], [ 3808007.823614922817796, 3029439.844418431166559 ], [ 3808007.823614922817796, 3029681.074633194133639 ], [ 3807296.525464601349086, 3030129.215521259699017 ], [ 3807358.530420972965658, 3030405.261153785511851 ], [ 3807822.242891821544617, 3030784.286374565213919 ], [ 3807605.670822483021766, 3031129.235789733938873 ], [ 3807667.675778855103999, 3031336.172161536756903 ], [ 3807451.103709516581148, 3031749.793135866522789 ], [ 3806492.665157684125006, 3032577.554845853243023 ], [ 3805719.807328954804689, 3034129.253578579518944 ], [ 3805534.226605853065848, 3035715.712701392360032 ], [ 3805874.374441920313984, 3037164.480603792238981 ], [ 3805441.230303244665265, 3038095.828578809276223 ], [ 3805348.657014700118452, 3038958.307810122612864 ], [ 3804915.512876023538411, 3039372.383774513378739 ], [ 3804513.79422959825024, 3040372.822617218829691 ], [ 3804173.657525479327887, 3040545.286984674166888 ], [ 3803528.182590064126998, 3041554.328836839646101 ], [ 3802689.078532362356782, 3041822.059650210663676 ], [ 3802132.781641020905226, 3042546.385129609145224 ], [ 3802070.78781659854576, 3043236.856283251196146 ], [ 3801421.494622648693621, 3043651.055514508392662 ], [ 3801266.927509681321681, 3044375.473209658171982 ], [ 3799906.347297358792275, 3045859.719269074033946 ], [ 3799751.769052443560213, 3046239.16428844537586 ], [ 3799782.77153062960133, 3046826.474545745179057 ], [ 3799133.055322614498436, 3047344.118796045426279 ], [ 3799040.482034070417285, 3047896.404262870084494 ], [ 3799226.05162522289902, 3047930.529794631991535 ], [ 3799195.049147037323564, 3048137.944186230190098 ], [ 3798916.906267341226339, 3048241.764355304650962 ], [ 3798854.91244291793555, 3048517.673150836024433 ], [ 3797030.608627798035741, 3049657.193797310814261 ], [ 3796814.036558460444212, 3050865.306114504579455 ], [ 3796411.894897969439626, 3051624.943420567084104 ], [ 3796597.464489120990038, 3052004.764740427955985 ], [ 3796195.745842695701867, 3052315.615363606251776 ], [ 3795701.030893661547452, 3053973.309166230726987 ], [ 3794927.750050865579396, 3054560.227636510506272 ], [ 3794765.958302947226912, 3055113.015010052826256 ], [ 3794340.450681339018047, 3055734.609244853258133 ], [ 3794185.883568372111768, 3055734.609244853258133 ], [ 3794247.454378729686141, 3056010.911025847773999 ], [ 3794000.313977220561355, 3056667.16312033450231 ], [ 3793969.311499034520239, 3058429.031007928773761 ], [ 3793721.736951509490609, 3059327.122680942062289 ], [ 3792948.87912277970463, 3060881.728653305675834 ], [ 3792979.87046901602298, 3061884.129875621758401 ], [ 3792794.300877864472568, 3062056.629336970858276 ], [ 3792299.585928829852492, 3062056.629336970858276 ], [ 3792299.585928829852492, 3062229.591152819804847 ], [ 3792794.300877864472568, 3062402.331143209245056 ], [ 3792882.632893809117377, 3062816.848462782334536 ], [ 3792577.728808525018394, 3062885.892310619354248 ], [ 3792701.304575255140662, 3062989.831921582110226 ], [ 3792639.733764897100627, 3063300.908848197199404 ], [ 3792361.156739187426865, 3063266.261472778394818 ], [ 3792021.020035068038851, 3064164.657134319189936 ], [ 3791649.869720814283937, 3064613.888598834164441 ], [ 3790970.00819469243288, 3065028.942907440010458 ], [ 3790691.431168982759118, 3066376.723959679249674 ], [ 3789639.996314541902393, 3067448.116406301502138 ], [ 3789423.858391217887402, 3067206.250290764961392 ], [ 3789547.423025997821242, 3067655.565039043314755 ], [ 3789361.853434846270829, 3068001.165976889431477 ], [ 3788898.14096399769187, 3067932.097387590911239 ], [ 3788898.14096399769187, 3068105.14283513976261 ], [ 3789176.283843692857772, 3068243.282023663632572 ], [ 3788805.13352943956852, 3068934.757216140627861 ], [ 3789021.70559877762571, 3069764.432300732005388 ], [ 3788805.13352943956852, 3070041.005538191646338 ], [ 3788217.845291861798614, 3070144.984821661375463 ], [ 3788526.990649743005633, 3070455.981252637226135 ], [ 3788310.418580405414104, 3071285.981368061620742 ], [ 3788001.273222522810102, 3071977.367620536591858 ], [ 3787104.416612998116761, 3073187.617046296130866 ], [ 3787135.419091184157878, 3074916.849463505204767 ], [ 3786918.847021846100688, 3074916.849463505204767 ], [ 3786609.701663963496685, 3075331.730639367364347 ], [ 3786362.550130505114794, 3075331.730639367364347 ], [ 3786269.553827895782888, 3075677.51776818279177 ], [ 3785280.112797878216952, 3075885.33525375276804 ], [ 3784908.973615573253483, 3076127.336251055356115 ], [ 3784909.396629638038576, 3076473.379298724234104 ], [ 3784414.258666538633406, 3076853.637886940035969 ], [ 3784599.828257692046463, 3076992.110970829147846 ], [ 3784445.261144724674523, 3077165.017428082413971 ], [ 3784445.261144724674523, 3077614.658769035711884 ], [ 3783764.965472588781267, 3077960.501368549652398 ], [ 3782775.535574520006776, 3078099.209390178788453 ], [ 3782713.530618147924542, 3078445.063769026193768 ], [ 3781816.674008623231202, 3079240.619290898554027 ], [ 3781569.522475163917989, 3079724.988658047281206 ], [ 3781445.946708434727043, 3079655.626550412736833 ], [ 3781600.524953349959105, 3079413.553079062141478 ], [ 3781662.09576370799914, 3079275.293063026852906 ], [ 3781600.524953349959105, 3079171.483728168997914 ], [ 3780611.095055280253291, 3079413.553079062141478 ], [ 3780146.948438419029117, 3079793.890264235902578 ], [ 3778940.935339062474668, 3080174.710930084809661 ], [ 3778879.364528704434633, 3080486.163180876057595 ], [ 3778755.365747909992933, 3080417.034017802681774 ], [ 3778600.798634943552315, 3080728.491577181499451 ], [ 3778446.220390028320253, 3081489.707375383470207 ], [ 3778075.081207723356783, 3081662.68097977200523 ], [ 3777642.360083112027496, 3082181.58951038075611 ], [ 3777704.353907534386963, 3082873.742032419890165 ], [ 3777333.214725229423493, 3083496.547420535236597 ], [ 3777642.360083112027496, 3083946.376600092742592 ], [ 3777673.362561298068613, 3084673.551250564865768 ], [ 3778137.07503214571625, 3085469.443072635214776 ], [ 3778230.071334755048156, 3086057.422685010358691 ], [ 3777951.505440993700176, 3086195.985468138940632 ], [ 3777889.934630635660142, 3086438.411288635805249 ], [ 3778013.499265416525304, 3087511.539510127156973 ], [ 3777827.929674263577908, 3088757.821421299129725 ], [ 3778230.071334755048156, 3089450.294661722145975 ], [ 3778137.07503214571625, 3089831.137573631480336 ], [ 3778291.653277061879635, 3089935.261676609516144 ], [ 3778508.225346399471164, 3089623.116008911747485 ], [ 3778693.794937551952899, 3090004.200379990972579 ], [ 3778353.647101484239101, 3090177.277762876357883 ], [ 3778353.647101484239101, 3090488.949514331296086 ], [ 3778600.798634943552315, 3090696.734488452319056 ], [ 3778693.794937551952899, 3091077.847718123812228 ], [ 3778606.320081687066704, 3091415.928347225300968 ], [ 3778848.362050519324839, 3091666.059851877857 ], [ 3779126.516062164213508, 3091596.863756743725389 ], [ 3779868.80555872246623, 3092393.380987734068185 ], [ 3779064.934119856916368, 3092497.299520819913596 ], [ 3778940.935339062474668, 3093155.235215415712446 ], [ 3779281.083175130654126, 3093363.29615974240005 ], [ 3779281.083175130654126, 3093536.177692944649607 ], [ 3778971.937817248515785, 3094055.520673589780927 ], [ 3778477.22286821436137, 3094298.080915682949126 ], [ 3777920.50296280765906, 3095891.227083589881659 ], [ 3778018.597698094788939, 3096829.034401440061629 ], [ 3777642.360083112027496, 3097207.456944544799626 ], [ 3777827.929674263577908, 3097588.508467620238662 ], [ 3778662.792459365911782, 3098142.732529141474515 ], [ 3779188.509886586572975, 3099493.895101333037019 ], [ 3779033.942773620598018, 3100186.893515009433031 ], [ 3778724.797415737994015, 3100290.869281763676554 ], [ 3778600.798634943552315, 3100533.286961799953133 ], [ 3778384.649579670280218, 3101538.26390543486923 ], [ 3778446.220390028320253, 3101953.924406499601901 ], [ 3778817.370704282075167, 3102612.312446950469166 ], [ 3779528.657722655218095, 3102959.002375609241426 ], [ 3779652.23348938440904, 3103756.15949854021892 ], [ 3780518.087620723992586, 3105835.40978656290099 ], [ 3781074.807526129763573, 3106320.701677063014358 ], [ 3781724.100720080081373, 3106216.694000869058073 ], [ 3782095.239902384579182, 3105523.636860323138535 ], [ 3782713.530618147924542, 3105315.621540660504252 ], [ 3782775.535574520006776, 3104899.862116254400462 ], [ 3783270.250523554626852, 3104171.648198830429465 ], [ 3783517.390925065148622, 3104241.142877627164125 ], [ 3783950.535063740797341, 3103963.902320947498083 ], [ 3784352.676724231801927, 3104102.640445906668901 ], [ 3784599.828257692046463, 3103963.902320947498083 ], [ 3785063.551860488485545, 3104275.877868590410799 ], [ 3785280.112797878216952, 3104830.376673080958426 ], [ 3785311.115276064258069, 3105662.140752306673676 ], [ 3784537.834433267824352, 3106147.426686286460608 ], [ 3783579.395881437230855, 3108157.764535149559379 ], [ 3783548.393403251189739, 3108886.184140991885215 ], [ 3784445.261144724674523, 3111104.99749406799674 ], [ 3783733.962994402740151, 3111278.320909929927438 ], [ 3782373.382782080210745, 3110792.858443996403366 ], [ 3782156.810712742619216, 3110376.937595697119832 ], [ 3781878.667833045590669, 3110342.175102090463042 ], [ 3781909.670311231631786, 3109995.540935604833066 ], [ 3781507.528650740627199, 3109717.962648606859148 ], [ 3781136.378336487803608, 3110411.463015292305499 ], [ 3780703.668343825265765, 3110688.817790520843118 ], [ 3780951.231759400106966, 3111000.954536996781826 ], [ 3780146.948438419029117, 3113047.215420611202717 ], [ 3779466.652766283135861, 3113428.457458265125751 ], [ 3778539.216692636720836, 3114850.39387061400339 ], [ 3777982.507919179275632, 3114988.752171793486923 ], [ 3776621.927706857211888, 3119151.836668353993446 ], [ 3776065.207801450975239, 3119221.155449717771262 ], [ 3775910.64068848406896, 3118943.620091161690652 ], [ 3775972.634512907359749, 3119290.474572707898915 ], [ 3776529.354418313130736, 3119498.696284629404545 ], [ 3775972.634512907359749, 3121129.479551632422954 ], [ 3775508.922042059246451, 3121268.136955635156482 ], [ 3775261.34749453375116, 3121788.751503373961896 ], [ 3774333.911420888267457, 3121927.427903097122908 ], [ 3773560.619446143973619, 3122586.737285078968853 ], [ 3773746.200169245246798, 3122899.125512230675668 ], [ 3774859.205834043677896, 3123315.903823004569858 ], [ 3775044.775425196159631, 3123975.040971955750138 ], [ 3774859.205834043677896, 3124079.179899345617741 ], [ 3774828.626369923353195, 3124460.958436321932822 ], [ 3774148.341829735785723, 3124738.840163468848914 ], [ 3773468.046157599892467, 3125398.044093241449445 ], [ 3772478.193245466798544, 3126716.794738643802702 ], [ 3772014.469642668962479, 3127480.730603529606014 ], [ 3771983.467164482921362, 3128279.277363824658096 ], [ 3772107.465945277363062, 3128730.535869382321835 ], [ 3772880.334905956871808, 3129424.736921617295593 ], [ 3774178.910161907784641, 3128973.456085107289255 ], [ 3773993.76358482055366, 3129285.998953064903617 ], [ 3774209.912640093825758, 3129633.108930006623268 ], [ 3774148.341829735785723, 3130084.648483517579734 ], [ 3773808.193993667606264, 3130431.778228038456291 ], [ 3773591.621924330014735, 3131265.069686292205006 ], [ 3773220.482742025051266, 3131473.456543413922191 ], [ 3773127.909453481435776, 3131924.817846439778805 ], [ 3771797.897573330905288, 3133418.254067813977599 ], [ 3771334.18510248279199, 3133556.807890624273568 ], [ 3770932.466456056572497, 3133453.073682326823473 ], [ 3770128.17200312577188, 3134112.687301791273057 ], [ 3769633.457054091151804, 3134112.687301791273057 ], [ 3769447.887462938670069, 3133939.082017652224749 ], [ 3768891.590571597684175, 3134182.330069402698427 ], [ 3768613.024677836336195, 3134425.344779906328768 ], [ 3768582.022199650295079, 3134946.435246559791267 ], [ 3768118.30972880218178, 3135189.700793602969497 ], [ 3767994.733962072990835, 3135536.719439019914716 ], [ 3767469.016534852329642, 3135606.606873476877809 ], [ 3767500.019013038370758, 3135918.810019524302334 ], [ 3767252.444465514738113, 3135814.583138105459511 ], [ 3767159.871176969725639, 3135988.449264458846301 ], [ 3766356.010870054364204, 3136057.863767649978399 ], [ 3766232.012089259922504, 3136266.321928559802473 ], [ 3766263.014567445032299, 3136960.896409959066659 ], [ 3766015.863033985719085, 3137238.775871992111206 ], [ 3765799.290964647661895, 3137238.775871992111206 ], [ 3765706.294662039261311, 3138350.624050029087812 ], [ 3765860.861775005236268, 3138628.543616474140435 ], [ 3766170.44127890188247, 3138732.791455159429461 ], [ 3766015.863033985719085, 3141130.255866609979421 ], [ 3766046.44249810744077, 3141408.230673071462661 ], [ 3766232.012089259922504, 3141303.725207981653512 ], [ 3766263.014567445032299, 3141442.819977407343686 ], [ 3766077.433844344224781, 3141547.088796007446945 ], [ 3766201.009611073881388, 3142693.884451769292355 ], [ 3766108.436322529800236, 3143875.607269689906389 ], [ 3765706.294662039261311, 3143910.440407713409513 ], [ 3765768.288486461620778, 3144049.335906791966408 ], [ 3765490.145606765989214, 3144292.759824473876506 ], [ 3765737.297140224836767, 3145022.343794188462198 ], [ 3765613.72137349518016, 3145370.082020033616573 ], [ 3765830.293442833703011, 3145613.766712446697056 ], [ 3765582.718895309139043, 3145961.044143033213913 ], [ 3765984.860555799677968, 3146447.474815224297345 ], [ 3766356.010870054364204, 3146517.179037047084421 ], [ 3766325.008391868323088, 3146725.555438638199121 ], [ 3766541.157447141595185, 3146760.883750221226364 ], [ 3766417.581680411472917, 3147143.04343246249482 ], [ 3767066.874874361325055, 3147803.540949950460345 ], [ 3767438.014056666288525, 3147977.318465061020106 ], [ 3767747.159414548892528, 3147873.001634450163692 ], [ 3767747.159414548892528, 3148220.573074354790151 ], [ 3768087.307250616140664, 3148081.648591101635247 ], [ 3768396.875622563064098, 3148464.307532120030373 ], [ 3768087.307250616140664, 3149298.436261431314051 ], [ 3767376.443246309179813, 3150132.852700588293374 ], [ 3767376.443246309179813, 3150967.556909534614533 ], [ 3767097.877352547366172, 3151523.891397877596319 ], [ 3767252.444465514738113, 3151975.900565744377673 ], [ 3768087.307250616140664, 3152706.124260414391756 ], [ 3768151.850291378796101, 3153889.884791754651815 ], [ 3767747.159414548892528, 3154271.28827116265893 ], [ 3767283.446943700779229, 3154375.652980875689536 ], [ 3766294.005913682281971, 3155906.366793611086905 ], [ 3765922.866731377318501, 3156045.369279399514198 ], [ 3765273.573537427466363, 3155940.754126240964979 ], [ 3765025.998989902902395, 3156393.144550216384232 ], [ 3764624.280343477614224, 3156219.262090532109141 ], [ 3763480.272200492676347, 3156253.900655793491751 ], [ 3763325.282073461916298, 3156810.446266551502049 ], [ 3762923.563427036162466, 3156879.951848943717778 ], [ 3762768.985182120464742, 3157193.357456194236875 ], [ 3761624.554025071207434, 3157401.893504065927118 ], [ 3761439.407447983045131, 3157610.670636220835149 ], [ 3761099.259611916262656, 3157575.790735494345427 ], [ 3760635.124127002432942, 3157854.093446992803365 ], [ 3760542.550838458351791, 3158341.189813878387213 ], [ 3759707.68805335694924, 3158619.733283848036081 ], [ 3759614.691750747151673, 3159037.101762722246349 ], [ 3759274.543914679903537, 3159037.101762722246349 ], [ 3758285.102884661406279, 3160115.802135106176138 ], [ 3757975.95752678019926, 3159976.508463011588901 ], [ 3757604.81834447523579, 3160115.802135106176138 ], [ 3757542.824520052410662, 3160881.328437100630254 ], [ 3757357.666811016853899, 3161229.224592763464898 ], [ 3754017.792656541801989, 3161994.812192247249186 ], [ 3753925.219367998186499, 3162656.026869520079345 ], [ 3753554.080185693223029, 3162864.882879413664341 ], [ 3753028.362758473027498, 3162864.882879413664341 ], [ 3752286.073261913843453, 3164500.733670871704817 ], [ 3750987.498005963861942, 3165162.05506435688585 ], [ 3750616.347691709641367, 3166101.875800041481853 ], [ 3750832.919761048164219, 3166345.685440157074481 ], [ 3750956.495527778286487, 3167424.715115610975772 ], [ 3750554.776881352066994, 3167598.737777927424759 ], [ 3750430.778100557625294, 3167877.241242794319987 ], [ 3749843.489862979389727, 3167947.05285174632445 ], [ 3749657.920271826907992, 3170209.916229872033 ], [ 3749163.194190842565149, 3169862.033228177111596 ], [ 3748915.63077526865527, 3169862.033228177111596 ], [ 3748668.479241808876395, 3170140.582120608538389 ], [ 3748730.05005216691643, 3170767.259229542221874 ], [ 3749163.194190842565149, 3170906.661159846931696 ], [ 3749225.199147214647382, 3171359.300865529570729 ], [ 3749386.133735055103898, 3171145.778848977293819 ], [ 3749193.35064089903608, 3170202.507705186493695 ], [ 3749348.774913944769651, 3170245.304212018847466 ], [ 3749472.339548725169152, 3170663.009564976207912 ], [ 3749750.493560370057821, 3170628.109419436659664 ], [ 3750060.061932317912579, 3171394.215387762524188 ], [ 3750090.630264488980174, 3172090.781612453982234 ], [ 3750245.208509404212236, 3172229.720427103340626 ], [ 3749905.483687402214855, 3173205.177310895174742 ], [ 3749998.056975945830345, 3173588.289940959308296 ], [ 3749626.917793640866876, 3173622.971842671278864 ], [ 3749472.339548725169152, 3174145.54306312976405 ], [ 3749039.62955606309697, 3174667.883198868483305 ], [ 3748977.624599691014737, 3175817.63756199600175 ], [ 3747648.046865554060787, 3177071.307886161375791 ], [ 3747493.468620638828725, 3177733.479842587839812 ], [ 3747245.905205063056201, 3177698.787647387478501 ], [ 3747184.323262757156044, 3177385.169632712379098 ], [ 3746967.751193418633193, 3177454.778296696953475 ], [ 3746658.605835536494851, 3178534.672994934022427 ], [ 3746287.466653231531382, 3178918.183945643249899 ], [ 3745112.456032060552388, 3179684.510171479545534 ], [ 3744803.310674179811031, 3179684.510171479545534 ], [ 3744432.1714918743819, 3180102.7511255890131 ], [ 3744092.023655806668103, 3181078.511860497761518 ], [ 3743813.457762045785785, 3181218.017611255403608 ], [ 3743566.306228586472571, 3181775.565390478819609 ], [ 3743504.312404163647443, 3183309.066321932245046 ], [ 3743349.734159247949719, 3183483.301197347696871 ], [ 3743164.164568095002323, 3184528.957353847101331 ], [ 3742731.443443484138697, 3184912.383599351160228 ], [ 3742700.452097246889025, 3185470.092961137183011 ], [ 3742143.732191840186715, 3185888.496430909726769 ], [ 3740937.719092484097928, 3185818.845304049085826 ], [ 3740721.581169161014259, 3185958.160458814352751 ], [ 3740133.858785568736494, 3187178.749810422305018 ], [ 3739361.000956837553531, 3187945.546697691082954 ], [ 3739422.571767195593566, 3188433.450650621205568 ], [ 3739268.004654229152948, 3188642.708251131232828 ], [ 3739082.423931127879769, 3188572.792186247650534 ], [ 3737412.69836092274636, 3189130.636846471577883 ], [ 3736299.692696124315262, 3188921.622899591457099 ], [ 3735773.97526890411973, 3189130.636846471577883 ], [ 3735495.409375143237412, 3190002.413913812953979 ], [ 3735402.836086599621922, 3191397.45717164222151 ], [ 3735928.553513820283115, 3192827.371652841567993 ], [ 3735990.124324177391827, 3194013.132422607392073 ], [ 3735650.399502174928784, 3194467.006452341564 ], [ 3735588.405677752103657, 3196769.193219923879951 ], [ 3735000.694426108617336, 3197013.544110135175288 ], [ 3734320.398753973189741, 3198932.807049406226724 ], [ 3733052.814844259526581, 3200816.871144343167543 ], [ 3731877.815355038270354, 3201828.851017724722624 ], [ 3731661.243285699747503, 3202457.218842030037194 ], [ 3731042.952569935936481, 3202666.915711381472647 ], [ 3730702.804733868222684, 3203434.562448356766254 ], [ 3730146.084828461520374, 3203364.583840132225305 ], [ 3730022.520193681120872, 3203643.809282041154802 ], [ 3729712.951821734197438, 3203643.809282041154802 ], [ 3729342.224521545227617, 3203923.027828748337924 ], [ 3728507.361736442893744, 3204027.767661608289927 ], [ 3728383.362955648452044, 3204935.487664891872555 ], [ 3728754.513269901741296, 3205109.983573125675321 ], [ 3728971.08533924119547, 3204935.487664891872555 ], [ 3729033.079163663554937, 3205563.74614242836833 ], [ 3729403.806463851593435, 3206262.038918889593333 ], [ 3729867.94194876588881, 3206576.326865919865668 ], [ 3730609.808431258890778, 3207588.730837882962078 ], [ 3732712.678140140604228, 3209160.11774795781821 ], [ 3733640.114213786553591, 3208845.770667746663094 ], [ 3733578.532271479722112, 3208566.452059678267688 ], [ 3734104.249698699451983, 3208112.829125921241939 ], [ 3734134.829162821173668, 3207518.718502515926957 ], [ 3734629.967125920113176, 3207379.197677626740187 ], [ 3734846.116181193385273, 3206960.367188194766641 ], [ 3735402.836086599621922, 3206820.600657240953296 ], [ 3736021.126802363432944, 3206017.762490527238697 ], [ 3736237.698871701955795, 3206017.762490527238697 ], [ 3736145.125583158805966, 3206366.796579553745687 ], [ 3735279.260319869499654, 3207449.196732342243195 ], [ 3735124.693206903990358, 3207903.036572256591171 ], [ 3735866.548557448200881, 3208392.138506347779185 ], [ 3736423.268462853971869, 3207800.429194359574467 ], [ 3736886.980933702085167, 3207588.730837882962078 ], [ 3738092.994033058639616, 3206262.038918889593333 ], [ 3738030.989076687023044, 3205528.996443427167833 ], [ 3738625.078935152851045, 3204800.290989995934069 ], [ 3738896.854339975398034, 3203888.269711431581527 ], [ 3739329.998478651512414, 3203958.024792705662549 ], [ 3739422.571767195593566, 3203818.527550211176276 ], [ 3739670.146314720157534, 3204062.526131625752896 ], [ 3739824.713427686132491, 3205040.235212931409478 ], [ 3739762.719603263773024, 3205319.482127547264099 ], [ 3738495.135693549644202, 3206017.762490527238697 ], [ 3738742.287227008957416, 3206681.086923141032457 ], [ 3738340.568580583669245, 3206681.086923141032457 ], [ 3738185.99033566750586, 3207169.906528419815004 ], [ 3737814.851153363473713, 3207239.426884944550693 ], [ 3737814.851153363473713, 3208531.443354938644916 ], [ 3737660.27290844777599, 3208915.550924503710121 ], [ 3734691.549068226944655, 3209229.648180995602161 ], [ 3734196.822987243533134, 3210067.92554707499221 ], [ 3734413.395056582055986, 3210382.288044262677431 ], [ 3734320.398753973189741, 3211290.654461924917996 ], [ 3734536.970823311712593, 3211395.211610005237162 ], [ 3734505.968345125671476, 3211569.802197788842022 ], [ 3733887.677629361860454, 3211465.004829902667552 ], [ 3733609.534749665297568, 3211918.977465313859284 ], [ 3733392.962680326774716, 3211953.994812070392072 ], [ 3733392.962680326774716, 3212652.373794513754547 ], [ 3733825.683804938569665, 3213106.624646433163434 ], [ 3734073.258352462202311, 3214084.739110900089145 ], [ 3734784.545370835345238, 3214818.238703069277108 ], [ 3734598.975779683329165, 3215097.697205984033644 ], [ 3734629.967125920113176, 3215412.175009089056402 ], [ 3735062.688250531908125, 3216145.51924838591367 ], [ 3735124.693206903990358, 3216669.944564576726407 ], [ 3735433.838564785663038, 3216914.398144071456045 ], [ 3735464.829911022912711, 3217473.406353653874248 ], [ 3735835.557211210951209, 3218067.457765130326152 ], [ 3735804.977747090160847, 3218346.96996835898608 ], [ 3735650.399502174928784, 3218312.18787352880463 ], [ 3735186.26401726109907, 3219150.530141528695822 ], [ 3733361.960202141199261, 3217787.938687135465443 ], [ 3733114.39678656635806, 3217822.971029719803482 ], [ 3732465.103592616505921, 3217438.37490507401526 ], [ 3731352.097927817609161, 3217473.406353653874248 ], [ 3730455.230186343658715, 3219605.248068251181394 ], [ 3730115.093482225202024, 3219569.733104655053467 ], [ 3729465.800288274884224, 3219989.414398806169629 ], [ 3729342.224521545227617, 3221632.294980257749557 ], [ 3728909.080382869113237, 3222121.408904074225575 ], [ 3728785.938762153033167, 3222541.181040262337774 ], [ 3728352.794623475987464, 3222750.228845226112753 ], [ 3728012.646787408739328, 3223309.701938631944358 ], [ 3728012.646787408739328, 3223624.368419690523297 ], [ 3726899.218108545523137, 3223729.258855577092618 ], [ 3725847.783254103735089, 3224777.980930889956653 ], [ 3725816.780775918625295, 3225407.162170665338635 ], [ 3726095.346669679507613, 3226386.395040557254106 ], [ 3726373.500681324396282, 3226631.034855488222092 ], [ 3726868.21563035948202, 3228134.490265615750104 ], [ 3727084.787699697073549, 3228134.490265615750104 ], [ 3727579.502648731693625, 3228554.195315026212484 ], [ 3728290.789667103905231, 3228309.281878288835287 ], [ 3728909.080382869113237, 3227784.661987490486354 ], [ 3730517.235142715275288, 3227749.843297500628978 ], [ 3730949.956267326604575, 3227085.510627760086209 ], [ 3732063.384946190752089, 3227015.6377391545102 ], [ 3732403.532782258000225, 3226386.395040557254106 ], [ 3732959.818541651125997, 3226071.413252984173596 ], [ 3733702.108038209378719, 3225302.4979930492118 ], [ 3734939.112483802717179, 3225127.49312257906422 ], [ 3735217.266495447140187, 3225756.929588122759014 ], [ 3735433.838564785663038, 3225826.783455118071288 ], [ 3736021.126802363432944, 3225512.066284126136452 ], [ 3736670.419996313750744, 3224673.082450273446739 ], [ 3736577.835575820878148, 3223834.150095955468714 ], [ 3737134.555481227580458, 3223239.860929972026497 ], [ 3737227.128769770730287, 3222226.287815638352185 ], [ 3737505.70579548086971, 3222261.092440749984235 ], [ 3737567.276605837978423, 3222540.690291936509311 ], [ 3737969.418266328983009, 3222925.429800334386528 ], [ 3738464.133215363603085, 3222540.690291936509311 ], [ 3738896.854339975398034, 3222715.662061231676489 ], [ 3739484.576723567675799, 3222435.808970110025257 ], [ 3738989.850642583798617, 3222785.739480207208544 ], [ 3739051.432584890630096, 3223239.860929972026497 ], [ 3738433.141869126819074, 3224113.792690117843449 ], [ 3738433.141869126819074, 3224987.792892211582512 ], [ 3738216.569799789227545, 3225302.4979930492118 ], [ 3738618.711460278835148, 3226526.361305406782776 ], [ 3738154.987857481464744, 3227644.68283257773146 ], [ 3738278.563624211587012, 3228274.474439651705325 ], [ 3738680.705284702125937, 3228274.474439651705325 ], [ 3738495.135693549644202, 3229113.679431198164821 ], [ 3738587.708982093725353, 3229358.11630019871518 ], [ 3738742.287227008957416, 3229358.11630019871518 ], [ 3738680.705284702125937, 3229743.04777418076992 ], [ 3737381.707014685962349, 3230372.696938208304346 ], [ 3737103.553003041539341, 3231212.030902750790119 ], [ 3736237.698871701955795, 3232121.302554423455149 ], [ 3735897.551035634241998, 3232786.119560715276748 ], [ 3735742.98392266780138, 3233940.506222338881344 ], [ 3735804.977747090160847, 3234849.733047857880592 ], [ 3735530.230111863464117, 3235553.841746987774968 ], [ 3735248.257841683924198, 3235794.564982304349542 ], [ 3734753.542892650235444, 3235794.564982304349542 ], [ 3734908.121137565467507, 3236214.505707601085305 ], [ 3734722.540414464194328, 3236424.480921763926744 ], [ 3734536.970823311712593, 3236459.561079422943294 ], [ 3734505.968345125671476, 3236074.440056637395173 ], [ 3734320.398753973189741, 3236074.440056637395173 ], [ 3733794.681326752528548, 3236599.630687880329788 ], [ 3733794.681326752528548, 3236984.287879537791014 ], [ 3733547.540925242006779, 3237159.432243277784437 ], [ 3733609.534749665297568, 3237438.869255781173706 ], [ 3733021.823498023208231, 3238558.803688932210207 ], [ 3732959.818541651125997, 3239223.69532775413245 ], [ 3732619.681837531737983, 3239468.804827265441418 ], [ 3732124.955756547860801, 3240343.789120675530285 ], [ 3731815.810398666188121, 3240448.808149874210358 ], [ 3731413.668738175649196, 3241779.060503883752972 ], [ 3731042.952569935936481, 3241953.787692974787205 ], [ 3730146.084828461520374, 3243003.911834094207734 ], [ 3728940.082861055154353, 3245104.642780195455998 ], [ 3728630.93750317255035, 3245349.61873789364472 ], [ 3728259.798320867586881, 3246330.045705620199442 ], [ 3727332.362247221637517, 3247555.559093153569847 ], [ 3726775.642341815400869, 3247730.600033212453127 ], [ 3726466.496983933262527, 3248080.461753241717815 ], [ 3725322.065826883539557, 3248711.198760352563113 ], [ 3724240.051508322358131, 3248921.366885065566748 ], [ 3722965.67710966989398, 3250077.12273723911494 ], [ 3722817.47747157746926, 3250042.007452249992639 ], [ 3722075.187975018285215, 3251337.840527810622007 ], [ 3721642.466850407421589, 3251618.048159565776587 ], [ 3720745.610240881796926, 3251618.048159565776587 ], [ 3720250.895291848108172, 3252178.707766314502805 ], [ 3720436.464883000124246, 3252423.811309479642659 ], [ 3720096.317046931479126, 3252528.923698209226131 ], [ 3719910.747455779463053, 3253054.750082700978965 ], [ 3718828.733137217815965, 3253299.86944684991613 ], [ 3716385.726724218111485, 3252809.155917291063815 ], [ 3715581.866417300887406, 3252809.155917291063815 ], [ 3714994.144033710006624, 3253369.625102935824543 ], [ 3715148.722278625238687, 3253754.996567694935948 ], [ 3714561.43404104700312, 3253930.117437648586929 ], [ 3714282.857015336398035, 3255086.312435524538159 ], [ 3713293.427117268089205, 3255015.816379804164171 ], [ 3712984.281759385485202, 3255261.690149342175573 ], [ 3712737.130225926171988, 3255156.55658851377666 ], [ 3712458.56433216528967, 3255612.225330316927284 ], [ 3711531.128258518874645, 3255576.856058362871408 ], [ 3711469.123302147723734, 3255962.290231727063656 ], [ 3711128.986598029267043, 3256284.448242115788162 ], [ 3710665.262995231430978, 3257819.581617541145533 ], [ 3710665.262995231430978, 3259151.29664221405983 ], [ 3710912.41452869027853, 3259431.66574405413121 ], [ 3710881.412050504703075, 3259677.140147780068219 ], [ 3710015.969801281578839, 3260588.317448048386723 ], [ 3709428.258549638092518, 3260798.909422233700752 ], [ 3709366.253593266941607, 3261043.929084268864244 ], [ 3708593.395764535758644, 3261114.204120632261038 ], [ 3708465.155711141880602, 3261569.833449122495949 ], [ 3708191.254104045219719, 3261850.252616845536977 ], [ 3707665.536676825024188, 3262025.490728587843478 ], [ 3706954.672672516666353, 3262726.680406109429896 ], [ 3706119.809887414798141, 3264058.865424469579011 ], [ 3704820.80048545030877, 3265251.067142103333026 ], [ 3704975.378730365540832, 3265882.123810574412346 ], [ 3704851.802963636349887, 3266407.976362515240908 ], [ 3703893.364411803893745, 3266583.513364012818784 ], [ 3703429.228926890995353, 3266934.10184980975464 ], [ 3702779.935732940211892, 3266653.577312562149018 ], [ 3701945.07294783834368, 3266653.577312562149018 ], [ 3701265.634435781277716, 3267041.978029792197049 ], [ 3700801.064804854337126, 3267004.407480206806213 ], [ 3700429.925622549373657, 3269494.439696343615651 ], [ 3700653.288180825300515, 3270127.133988248184323 ], [ 3700398.92314436333254, 3270722.04971917020157 ], [ 3699687.636125990189612, 3271318.191359487827867 ], [ 3698791.191398581955582, 3272721.571261052507907 ], [ 3697677.76271971873939, 3273458.23927164869383 ], [ 3696657.33034346299246, 3275177.717147225979716 ], [ 3695296.750131141394377, 3276090.179819168522954 ], [ 3695049.598597681615502, 3276440.775123857427388 ], [ 3694152.741988156922162, 3276686.558578367345035 ], [ 3693750.600327665917575, 3278195.568807447794825 ], [ 3693565.453750577755272, 3278195.568807447794825 ], [ 3693008.733845171984285, 3278897.598240986932069 ], [ 3692483.016417951788753, 3279143.426479713525623 ], [ 3691957.298990731593221, 3280125.823875273577869 ], [ 3691617.151154663413763, 3280301.526698071043938 ], [ 3691493.586519883014262, 3281425.022482429165393 ], [ 3691184.441162001341581, 3282056.83571694791317 ], [ 3691091.433727443218231, 3283145.263925602193922 ], [ 3690256.582074290607125, 3283741.954961657524109 ], [ 3690287.573420526925474, 3284339.15278988936916 ], [ 3689359.714332815259695, 3284479.718390781898052 ], [ 3688710.421138865873218, 3284865.737789310980588 ], [ 3688184.703711645212024, 3285568.114937158767134 ], [ 3687411.845882914960384, 3285919.437358716502786 ], [ 3687535.421649645082653, 3286446.071551346220076 ], [ 3687442.848361101001501, 3287675.226145812310278 ], [ 3686793.132153086364269, 3288482.902222270611674 ], [ 3686112.836480950471014, 3288974.913349469657987 ], [ 3686051.26567059289664, 3290274.48591148480773 ], [ 3685927.689903862774372, 3290379.65298780426383 ], [ 3686082.268148778472096, 3290766.322322801221162 ], [ 3685896.698557625990361, 3292628.169202989432961 ], [ 3686020.263192406855524, 3293366.179987509734929 ], [ 3685834.693601253908128, 3293471.61160282837227 ], [ 3685803.691123067867011, 3293893.10599645646289 ], [ 3685463.554418949410319, 3294350.084568498190492 ], [ 3683701.255560200661421, 3295087.94962365925312 ], [ 3682927.963585456833243, 3295123.182249103207141 ], [ 3682247.679045269731432, 3295579.721941190306097 ], [ 3681165.664726708084345, 3297161.316156947985291 ], [ 3680918.090179184451699, 3298286.221720694098622 ], [ 3680546.950996879022568, 3298180.752281055320054 ], [ 3680423.375230149831623, 3298461.921602799091488 ], [ 3680083.23852603090927, 3298461.921602799091488 ], [ 3680052.236047844868153, 3298813.340925908181816 ], [ 3679619.514923233073205, 3299446.212506837677211 ], [ 3679186.370784556493163, 3299692.176296729594469 ], [ 3679217.37326274253428, 3300184.357869322411716 ], [ 3679000.801193404011428, 3300359.842161480337381 ], [ 3678289.937189097050577, 3301872.005478007253259 ], [ 3678289.937189097050577, 3302434.758018456399441 ], [ 3677949.789353028405458, 3303559.612455176655203 ], [ 3676743.787385621108115, 3305423.235887018498033 ], [ 3676125.073655792046338, 3307498.455112772062421 ], [ 3673682.479124908335507, 3309186.784105881582946 ], [ 3673373.333767026662827, 3309644.525081263389438 ], [ 3673311.33994260430336, 3310453.525328115094453 ], [ 3673465.907055569812655, 3310629.384902798570693 ], [ 3673342.33128884062171, 3310910.587711989413947 ], [ 3672662.046748653519899, 3311157.002836345694959 ], [ 3671610.611894213594496, 3311086.947270097676665 ], [ 3671456.044781246222556, 3311367.906378192361444 ], [ 3671022.900642570108175, 3311297.849706860259175 ], [ 3670930.327354026027024, 3311438.457401744555682 ], [ 3671146.899423364549875, 3311825.481354302261025 ], [ 3670868.32239765394479, 3311473.720386814791709 ], [ 3670652.173342381138355, 3311508.996131248306483 ], [ 3670188.037857467774302, 3312256.990489253774285 ], [ 3670373.607448620256037, 3312705.171288317535073 ], [ 3670126.455915160942823, 3312423.690051465760916 ], [ 3670126.455915160942823, 3312634.854259875137359 ], [ 3669786.31921104202047, 3312846.275157000403851 ], [ 3669569.747141703497618, 3313268.620264608878642 ], [ 3669662.32043024757877, 3314007.287582012359053 ], [ 3669971.888802194502205, 3314253.278386163525283 ], [ 3670157.035379281733185, 3313971.764537874143571 ], [ 3669971.888802194502205, 3314464.712223111186177 ], [ 3669847.890021400060505, 3314499.995863428805023 ], [ 3669786.31921104202047, 3314288.789509831927717 ], [ 3669075.032192668877542, 3314253.278386163525283 ], [ 3668363.73404234694317, 3314746.236459223087877 ], [ 3667869.019093312788755, 3315309.290062000975013 ], [ 3667683.449502160772681, 3316013.263985439669341 ], [ 3667405.306622464209795, 3316224.4849394839257 ], [ 3667405.306622464209795, 3316541.322635315358639 ], [ 3667065.15878639742732, 3316893.217056382913142 ], [ 3666817.58423887193203, 3317561.995343178976327 ], [ 3666075.717756378930062, 3317878.624008043203503 ], [ 3666168.302176871802658, 3318230.794465354178101 ], [ 3665859.156818989664316, 3318477.344660635106266 ], [ 3665797.151862618047744, 3318758.712725637480617 ], [ 3663539.715040770359337, 3319603.549591389484704 ], [ 3662581.276488937903196, 3319533.449707373045385 ], [ 3661529.841634497512132, 3320061.660324833355844 ], [ 3660818.554616124369204, 3320061.660324833355844 ], [ 3660725.981327581219375, 3320343.04912797594443 ], [ 3660323.839667090214789, 3320589.638358508702368 ], [ 3658994.261932954192162, 3321082.348829894792289 ], [ 3658685.116575071588159, 3321540.497680695727468 ], [ 3658437.965041612740606, 3322068.30608839681372 ], [ 3658839.683688038494438, 3322631.909581685904413 ], [ 3658870.686166224535555, 3323547.606897825375199 ], [ 3658468.544505733530968, 3325731.089756088331342 ], [ 3658375.971217189449817, 3327386.408626806922257 ], [ 3657786.979791402351111, 3329253.119802590459585 ], [ 3657757.680501425638795, 3329993.396097640972584 ], [ 3657631.978532421868294, 3330416.284650158137083 ], [ 3657324.536362748593092, 3330698.145939709153026 ], [ 3657324.536362748593092, 3331614.398114701732993 ], [ 3656518.12683949386701, 3332000.802952703554183 ], [ 3656366.097810917068273, 3332318.992803974542767 ], [ 3656427.668621275108308, 3332671.304147523827851 ], [ 3656087.531917156185955, 3333059.198682723101228 ], [ 3656056.952453035395592, 3334715.911667144391686 ], [ 3656304.092854544986039, 3334856.766598834656179 ], [ 3655592.805836172308773, 3336619.235305401030928 ], [ 3655654.810792544391006, 3337288.751208179164678 ], [ 3655154.140250752214342, 3337494.992306402418762 ], [ 3654510.802649559918791, 3338804.61108565563336 ], [ 3654448.797693188302219, 3340144.392100587487221 ], [ 3654819.948007442522794, 3341378.484172264114022 ], [ 3654356.224404644686729, 3341942.919262554962188 ], [ 3654016.087700525764376, 3342048.735265655908734 ], [ 3653520.938605477567762, 3343106.471954891923815 ], [ 3653150.222437237389386, 3344729.075230156537145 ], [ 3652345.939116255845875, 3346669.204644028563052 ], [ 3652036.793758374173194, 3346986.768369389697909 ], [ 3651418.503042610362172, 3348327.134981738869101 ], [ 3650274.494899626355618, 3349315.357065045274794 ], [ 3648388.19726008316502, 3350126.772746273782104 ], [ 3646470.897142353467643, 3350303.15747022908181 ], [ 3645976.182193318847567, 3350832.592523622792214 ], [ 3645667.036835438106209, 3350903.099077291786671 ], [ 3645543.038054643198848, 3351291.285668687429279 ], [ 3645048.32310560811311, 3351503.067876502871513 ], [ 3644213.460320506244898, 3352562.042460117954761 ], [ 3643873.312484438065439, 3353973.738042834680527 ], [ 3642976.878888977691531, 3355844.435350756626576 ], [ 3642080.022279453929514, 3356550.560260115657002 ], [ 3640905.011658282950521, 3357080.486911061219871 ], [ 3640286.297928453888744, 3358033.480545387137681 ], [ 3639018.714018739759922, 3358986.784438610542566 ], [ 3639173.28113170620054, 3359234.092597620561719 ], [ 3638987.711540553718805, 3359940.157129809260368 ], [ 3637967.27916429983452, 3361070.12706470862031 ], [ 3638152.848755451384932, 3362376.993901689071208 ], [ 3637843.703397569712251, 3362553.554873279761523 ], [ 3637410.559258893597871, 3363754.819618342909962 ], [ 3637101.413901010993868, 3365450.059144964441657 ], [ 3636514.125663433223963, 3366333.309514415916055 ], [ 3636080.98152475617826, 3367711.294170658104122 ], [ 3635400.696984570007771, 3368559.268261585850269 ], [ 3634504.263389109633863, 3369301.261726572178304 ], [ 3633421.826056483201683, 3370750.182085333392024 ], [ 3632710.539038110524416, 3371457.346882451325655 ], [ 3632555.960793194361031, 3371386.476010370068252 ], [ 3631442.955128396395594, 3373507.232442949898541 ], [ 3631318.956347601953894, 3374391.252240513917059 ], [ 3631566.530895126517862, 3377219.470979545731097 ], [ 3631844.673774822149426, 3378386.377835806459188 ], [ 3632524.958315008319914, 3379305.953087308444083 ], [ 3632401.393680228386074, 3380720.515074037481099 ], [ 3631597.522241363301873, 3381746.133684839121997 ], [ 3632123.239668583963066, 3381958.405622786376625 ], [ 3631566.530895126517862, 3381923.196512756403536 ], [ 3631566.530895126517862, 3382064.542878147214651 ], [ 3631752.100486278999597, 3382559.789248422719538 ], [ 3632617.965749566443264, 3383621.019769362173975 ], [ 3633607.395647635217756, 3383797.865899870172143 ], [ 3633792.965238787699491, 3383550.33801992284134 ], [ 3633823.967716973740608, 3383833.334750196896493 ], [ 3633545.401823212858289, 3383974.701676588971168 ], [ 3633545.401823212858289, 3384222.47954264935106 ], [ 3634936.973381771706045, 3385390.008613959420472 ], [ 3635122.554104873910546, 3385284.086478332988918 ], [ 3635486.468652226030827, 3385926.446795125957578 ], [ 3635926.414411790203303, 3386203.660758491139859 ], [ 3635864.832469483371824, 3386380.528951364103705 ], [ 3636514.125663433223963, 3388185.370466405991465 ], [ 3636297.553594095166773, 3388999.183271322865039 ], [ 3636390.126882638782263, 3389883.774825298693031 ], [ 3636080.98152475617826, 3390450.277059365529567 ], [ 3635586.266575722489506, 3390804.143138079438359 ], [ 3635709.842342451680452, 3391193.749642081558704 ], [ 3635493.693287178408355, 3391795.556763167493045 ], [ 3635184.547929296270013, 3391760.066375492140651 ], [ 3635091.55162668786943, 3392007.749233656097203 ], [ 3634751.40379061922431, 3392078.718703155405819 ], [ 3634782.406268805265427, 3393104.983517723623663 ], [ 3634565.834199467673898, 3393423.439149130135775 ], [ 3634751.40379061922431, 3393954.840271849185228 ], [ 3634473.260910924058408, 3394202.806800667196512 ], [ 3634504.263389109633863, 3394769.508561997208744 ], [ 3634225.686363399028778, 3395158.735899474937469 ], [ 3634380.26460831426084, 3395406.483035732060671 ], [ 3634287.691319771111012, 3395866.974257377441972 ], [ 3634504.263389109633863, 3396150.236987434327602 ], [ 3634133.113074855413288, 3396610.269946261309087 ], [ 3634071.119250433053821, 3397008.794678603764623 ], [ 3618811.732883166987449, 3391126.65876774629578 ], [ 3608330.52415116969496, 3384180.947290372103453 ], [ 3604178.719026696868241, 3383989.284207404125482 ], [ 3579952.425224592909217, 3375490.66807938599959 ], [ 3558203.112544079311192, 3372640.005182391963899 ], [ 3543811.083121278323233, 3374841.296040316578001 ], [ 3548263.75143351778388, 3363808.660445851739496 ], [ 3539508.106128307525069, 3346585.62714978447184 ], [ 3536186.711009304970503, 3336453.920567792374641 ], [ 3538176.190684863831848, 3328803.647018774412572 ], [ 3535089.201017625164241, 3320247.558023308869451 ], [ 3549504.373762561939657, 3286757.148891747463495 ], [ 3583389.113940210081637, 3292508.021454756613821 ], [ 3600574.705984467640519, 3281267.377111852169037 ], [ 3614759.302668125368655, 3269890.624631777405739 ], [ 3625547.96470174472779, 3230424.091471303720027 ], [ 3635923.442181385587901, 3194655.271115066017956 ], [ 3634611.274815608747303, 3177819.596130208112299 ], [ 3630115.503596533555537, 3168261.648120937403291 ], [ 3630122.717099537607282, 3166014.152998248580843 ], [ 3631528.314913936890662, 3149650.098740819375962 ], [ 3639258.217903181910515, 3128361.289199728053063 ], [ 3644232.996891140472144, 3121578.359743853565305 ], [ 3647775.004976997151971, 3105435.331980105489492 ], [ 3644732.376126839313656, 3084230.825596526265144 ], [ 3661049.98783748364076, 3085972.578569367527962 ], [ 3665879.962431818712503, 3085191.386091508902609 ], [ 3690617.524391238577664, 3064232.052772629074752 ], [ 3698912.640963036566973, 3062116.887085255235434 ], [ 3708866.017197488807142, 3065079.968582641333342 ], [ 3715814.991694920696318, 3061922.804305153898895 ], [ 3725246.479892635717988, 3043742.767349103465676 ], [ 3734302.565371547825634, 3025354.015310844872147 ], [ 3739680.75506219221279, 3009121.72260084329173 ], [ 3736663.618375426158309, 2997106.171406059060246 ], [ 3727595.220960831735283, 2991557.674701917916536 ], [ 3716944.56169994873926, 2982621.474637715145946 ], [ 3706183.929914111737162, 2966820.220707551576197 ], [ 3700448.182019039988518, 2953950.529694462195039 ], [ 3704101.019789929967374, 2941352.552812177687883 ], [ 3726004.899583410006016, 2913446.607708152849227 ], [ 3727654.242554850876331, 2739060.015446258243173 ], [ 3692791.315747704356909, 2511723.554310515988618 ], [ 3957546.401411320548505, 2511420.505138980224729 ], [ 4105860.520468737930059, 2511446.702512944117188 ], [ 4107016.784887658432126, 2513242.951610411051661 ], [ 4107333.522234811913222, 2514063.341349944937974 ], [ 4107724.999488084577024, 2514496.799091223627329 ], [ 4108286.528395493514836, 2515946.465692713856697 ], [ 4108310.239447032567114, 2517902.43920480273664 ], [ 4108658.513605928048491, 2519645.508954865857959 ], [ 4108463.481858058366925, 2520186.835195529274642 ], [ 4108185.060679635033011, 2520660.715535175055265 ], [ 4107401.71655487222597, 2520510.257784456014633 ], [ 4106953.154666720889509, 2520684.056126519106328 ], [ 4105200.217777147889137, 2522109.502749374136329 ], [ 4104562.034268379211426, 2522397.292750636581331 ], [ 4103303.689876400399953, 2522476.055916446726769 ], [ 4102545.08094249246642, 2522917.753937506116927 ], [ 4100277.859137404244393, 2526172.004837355110794 ], [ 4099018.846828480716795, 2526967.531399773433805 ], [ 4098331.860854948405176, 2526856.181147669441998 ], [ 4097640.132671108003706, 2527227.559802379459143 ], [ 4096787.759330103639513, 2528539.31124974321574 ], [ 4096753.528586685657501, 2528912.27722156746313 ] ] ] ] } },
{ "type": "Feature", "properties": { "gid": 2, "gm_layer": "Governorate", "gm_type": "Unknown Area Type", "id_0": 69, "iso": "EGY", "name_0": "Egypt", "id_1": 17, "name": "Aswan", "hasc_1": "EG.AN", "ccn_1": 0, "cca_1": null, "type_1": "Muhafazah", "type": "Governorate", "nl_name_1": "?????? ?????", "varname_1": "Assouan|Assuã|Assuán|Syene", "name_1": null, "engtype_1": null, "perimeter": null, "enclosed_a": null, "length": null, "width": null, "island_are": null, "layer": null, "shape_leng": null, "shape_area": null, "population_sum": 1621856.0 }, "geometry": { "type": "MultiPolygon", "coordinates": [ [ [ [ 3727654.242554850876331, 2739060.015446258243173 ], [ 3726004.899583410006016, 2913446.607708152849227 ], [ 3637698.899003946222365, 2912126.49551396118477 ], [ 3633774.285828232765198, 2904475.38869262393564 ], [ 3633962.404635724145919, 2904331.492352668661624 ], [ 3633848.602720285765827, 2903668.194019456394017 ], [ 3636182.894518577959388, 2902610.393621893599629 ], [ 3635897.115121813025326, 2899505.004108669236302 ], [ 3635074.987286456860602, 2898765.661948559805751 ], [ 3634262.210288329515606, 2897035.104189866688102 ], [ 3635150.996234770864248, 2896485.654579287394881 ], [ 3535289.208746733143926, 2689274.056489270646125 ], [ 3451264.322012247983366, 2512463.016449751798064 ], [ 3479839.667944561690092, 2512444.00960850296542 ], [ 3486362.07728522317484, 2512294.236922312062234 ], [ 3496618.865923780482262, 2513108.841426489874721 ], [ 3496779.165990523528308, 2512501.714588216971606 ], [ 3548089.4362428849563, 2512356.071726014837623 ], [ 3549348.949489516671747, 2512233.771106248255819 ], [ 3555846.311944749206305, 2512335.456097566522658 ], [ 3564805.148716505151242, 2511912.703142188023776 ], [ 3571878.556140745989978, 2512085.83727795816958 ], [ 3622505.346983535215259, 2512044.846831795293838 ], [ 3692078.748555187135935, 2512268.818680773023516 ], [ 3692791.315747704356909, 2511723.554310515988618 ], [ 3727654.242554850876331, 2739060.015446258243173 ] ] ] ] } },
{ "type": "Feature", "properties": { "gid": 3, "gm_layer": "Governorate", "gm_type": "Unknown Area Type", "id_0": 69, "iso": "EGY", "name_0": "Egypt", "id_1": 14, "name": "Al Wadi al Jadid", "hasc_1": "EG.WJ", "ccn_1": 0, "cca_1": null, "type_1": "Muhafazah", "type": "Governorate", "nl_name_1": "?????? ?????? ???????", "varname_1": "Al Wadi/Al Jadid|El-Wadi El-Gidid|New Valley|Novo Vale|Ouadi El Guedid|Southern Desert", "name_1": null, "engtype_1": null, "perimeter": null, "enclosed_a": null, "length": null, "width": null, "island_are": null, "layer": null, "shape_leng": null, "shape_area": null, "population_sum": 256199.0 }, "geometry": { "type": "MultiPolygon", "coordinates": [ [ [ [ 3398588.373114885296673, 3198815.883602959569544 ], [ 3168892.136562211439013, 3208010.924098149873316 ], [ 3045800.275659076403826, 3208158.383067386224866 ], [ 2782993.42579968040809, 3204936.681543664541095 ], [ 2782987.058324806857854, 2511429.28161495225504 ], [ 2798488.4866609047167, 2512058.354217473883182 ], [ 2813100.060383448377252, 2512114.004759516101331 ], [ 2936117.181380463764071, 2512226.447024763096124 ], [ 2947298.211223282385617, 2512403.018299812916666 ], [ 2949467.538668167311698, 2512258.961167933885008 ], [ 2953714.254790490493178, 2512382.40261450316757 ], [ 2999776.47896889410913, 2512148.58382873935625 ], [ 3076199.713899477850646, 2512444.00960850296542 ], [ 3080752.592017330229282, 2512295.14943428710103 ], [ 3090672.850703270640224, 2512502.867248980794102 ], [ 3094485.354019806254655, 2512366.829804123844951 ], [ 3119127.804606291931123, 2512414.232666780706495 ], [ 3123790.677512996364385, 2512201.257011192850769 ], [ 3128861.002019903156906, 2512240.410809070803225 ], [ 3130914.189840043429285, 2512433.011344928760082 ], [ 3192150.863614237867296, 2512323.773518970701844 ], [ 3202346.927470568101853, 2512446.062778581865132 ], [ 3255825.456500703468919, 2512165.068944452796131 ], [ 3262978.902638824656606, 2512262.863349556922913 ], [ 3263582.966723665595055, 2512045.987455060705543 ], [ 3302448.218843047507107, 2512201.485137935727835 ], [ 3325923.094950348138809, 2512083.544019575696439 ], [ 3339584.723798207007349, 2511429.28161495225504 ], [ 3339584.935305239632726, 2512149.952585007995367 ], [ 3451264.322012247983366, 2512463.016449751798064 ], [ 3535289.208746733143926, 2689274.056489270646125 ], [ 3635150.996234770864248, 2896485.654579287394881 ], [ 3619645.749640138819814, 2906059.853624842595309 ], [ 3612586.791485803667456, 2924010.311131216585636 ], [ 3609545.019795724656433, 2955355.869917667005211 ], [ 3621614.423702869098634, 2960958.040931393392384 ], [ 3633862.606712228152901, 2973109.208511041011661 ], [ 3636634.306185693480074, 2979283.62791394488886 ], [ 3638267.084816903807223, 2988921.97119384072721 ], [ 3643177.732646217104048, 2995856.717259175609797 ], [ 3643227.42566690640524, 2997054.196909707039595 ], [ 3643463.523174929898232, 2997411.5825957194902 ], [ 3644526.000922857783735, 3006108.696837202180177 ], [ 3643839.77192186191678, 3008466.69018869753927 ], [ 3637344.747175936121494, 3011882.870790611486882 ], [ 3611498.832706433720887, 3004121.856471518985927 ], [ 3598012.376209286507219, 2997436.375399890355766 ], [ 3589515.971734235994518, 2997178.913721834309399 ], [ 3586435.138034837320447, 2995845.857648396864533 ], [ 3566617.140595943201333, 3006632.441959482152015 ], [ 3535722.352885410189629, 3035990.673347372096032 ], [ 3500785.532200274989009, 3077655.505392067600042 ], [ 3483361.070792672690004, 3102686.552528789266944 ], [ 3468258.388872595969588, 3101915.140884751453996 ], [ 3435820.000574927311391, 3097407.733432649169117 ], [ 3398588.373114885296673, 3198815.883602959569544 ] ] ] ] } },
{ "type": "Feature", "properties": { "gid": 4, "gm_layer": "Governorate", "gm_type": "Unknown Area Type", "id_0": 69, "iso": "EGY", "name_0": "Egypt", "id_1": 25, "name": "Qina", "hasc_1": "EG.QN", "ccn_1": 0, "cca_1": null, "type_1": "Muhafazah", "type": "Governorate", "nl_name_1": "?????? ???", "varname_1": "Kena|Qena|Quena", "name_1": null, "engtype_1": null, "perimeter": "658.34 km", "enclosed_a": "13870 sq km", "length": null, "width": null, "island_are": null, "layer": null, "shape_leng": null, "shape_area": null, "population_sum": 6209237.0 }, "geometry": { "type": "MultiPolygon", "coordinates": [ [ [ [ 3690617.524391238577664, 3064232.052772629074752 ], [ 3665879.962431818712503, 3085191.386091508902609 ], [ 3661049.98783748364076, 3085972.578569367527962 ], [ 3644732.376126839313656, 3084230.825596526265144 ], [ 3593214.673135333228856, 3016393.687572585884482 ], [ 3590851.916943245567381, 3017917.87779099913314 ], [ 3586775.708884970284998, 3013460.020344238262624 ], [ 3586877.198864726349711, 3013387.890705883037299 ], [ 3586477.595288625918329, 3012950.917742345947772 ], [ 3581276.904526051599532, 3016536.3155059334822 ], [ 3579005.875594377983361, 3016963.463695640210062 ], [ 3578568.91319716675207, 3020837.080194763839245 ], [ 3575898.291821341961622, 3024863.179601877462119 ], [ 3572180.476863674819469, 3024526.903677730821073 ], [ 3567344.980822597164661, 3020863.810883077327162 ], [ 3565305.819258297327906, 3020792.363770965952426 ], [ 3564098.114102680701762, 3022096.7261121571064 ], [ 3557189.693295744247735, 3015604.931614988017827 ], [ 3566617.140595943201333, 3006632.441959482152015 ], [ 3586435.138034837320447, 2995845.857648396864533 ], [ 3589515.971734235994518, 2997178.913721834309399 ], [ 3598012.376209286507219, 2997436.375399890355766 ], [ 3611498.832706433720887, 3004121.856471518985927 ], [ 3637344.747175936121494, 3011882.870790611486882 ], [ 3643839.77192186191678, 3008466.69018869753927 ], [ 3644526.000922857783735, 3006108.696837202180177 ], [ 3643463.523174929898232, 2997411.5825957194902 ], [ 3643227.42566690640524, 2997054.196909707039595 ], [ 3643177.732646217104048, 2995856.717259175609797 ], [ 3638267.084816903807223, 2988921.97119384072721 ], [ 3636634.306185693480074, 2979283.62791394488886 ], [ 3633862.606712228152901, 2973109.208511041011661 ], [ 3621614.423702869098634, 2960958.040931393392384 ], [ 3609545.019795724656433, 2955355.869917667005211 ], [ 3612586.791485803667456, 2924010.311131216585636 ], [ 3619645.749640138819814, 2906059.853624842595309 ], [ 3634262.210288329515606, 2897035.104189866688102 ], [ 3635074.987286456860602, 2898765.661948559805751 ], [ 3635897.115121813025326, 2899505.004108669236302 ], [ 3636182.894518577959388, 2902610.393621893599629 ], [ 3633848.602720285765827, 2903668.194019456394017 ], [ 3633962.404635724145919, 2904331.492352668661624 ], [ 3633774.285828232765198, 2904475.38869262393564 ], [ 3637698.899003946222365, 2912126.49551396118477 ], [ 3726004.899583410006016, 2913446.607708152849227 ], [ 3704101.019789929967374, 2941352.552812177687883 ], [ 3700448.182019039988518, 2953950.529694462195039 ], [ 3706183.929914111737162, 2966820.220707551576197 ], [ 3716944.56169994873926, 2982621.474637715145946 ], [ 3727595.220960831735283, 2991557.674701917916536 ], [ 3736663.618375426158309, 2997106.171406059060246 ], [ 3739680.75506219221279, 3009121.72260084329173 ], [ 3734302.565371547825634, 3025354.015310844872147 ], [ 3725246.479892635717988, 3043742.767349103465676 ], [ 3715814.991694920696318, 3061922.804305153898895 ], [ 3708866.017197488807142, 3065079.968582641333342 ], [ 3698912.640963036566973, 3062116.887085255235434 ], [ 3690617.524391238577664, 3064232.052772629074752 ] ] ] ] } },
{ "type": "Feature", "properties": { "gid": 5, "gm_layer": "Governorate", "gm_type": "Unknown Area Type", "id_0": 69, "iso": "EGY", "name_0": "Egypt", "id_1": 27, "name": "Suhaj", "hasc_1": "EG.SJ", "ccn_1": 0, "cca_1": null, "type_1": "Muhafazah", "type": "Governorate", "nl_name_1": null, "varname_1": "Girga|Girgeh|Sawhaj|Sohag|Suhag", "name_1": null, "engtype_1": null, "perimeter": null, "enclosed_a": null, "length": null, "width": null, "island_are": null, "layer": null, "shape_leng": null, "shape_area": null, "population_sum": 5256189.0 }, "geometry": { "type": "MultiPolygon", "coordinates": [ [ [ [ 3644232.996891140472144, 3121578.359743853565305 ], [ 3639258.217903181910515, 3128361.289199728053063 ], [ 3631528.314913936890662, 3149650.098740819375962 ], [ 3630122.717099537607282, 3166014.152998248580843 ], [ 3610062.243545797653496, 3141711.255903814919293 ], [ 3589760.574051355477422, 3124231.460263113025576 ], [ 3578772.327302692923695, 3116843.141844866331667 ], [ 3568418.924478076398373, 3119050.344596788752824 ], [ 3550181.686072344891727, 3125465.019554797559977 ], [ 3536783.127445127815008, 3117166.367038468364626 ], [ 3524506.279666889924556, 3110936.906399019062519 ], [ 3520807.155251727439463, 3105122.382533992640674 ], [ 3518052.020118492655456, 3103108.434720855206251 ], [ 3512741.980220112018287, 3106327.602273450698704 ], [ 3508530.941994586959481, 3102970.654498661402613 ], [ 3504400.153989975806326, 3112614.799034930299968 ], [ 3500283.804123320616782, 3116569.000049318186939 ], [ 3498440.832029594108462, 3114623.187541905324906 ], [ 3495182.276763144414872, 3113484.177064017858356 ], [ 3493009.554073790553957, 3109279.208131520543247 ], [ 3483361.070792672690004, 3102686.552528789266944 ], [ 3500785.532200274989009, 3077655.505392067600042 ], [ 3535722.352885410189629, 3035990.673347372096032 ], [ 3557189.693295744247735, 3015604.931614988017827 ], [ 3564098.114102680701762, 3022096.7261121571064 ], [ 3565305.819258297327906, 3020792.363770965952426 ], [ 3567344.980822597164661, 3020863.810883077327162 ], [ 3572180.476863674819469, 3024526.903677730821073 ], [ 3575898.291821341961622, 3024863.179601877462119 ], [ 3578568.91319716675207, 3020837.080194763839245 ], [ 3579005.875594377983361, 3016963.463695640210062 ], [ 3581276.904526051599532, 3016536.3155059334822 ], [ 3586477.595288625918329, 3012950.917742345947772 ], [ 3586877.198864726349711, 3013387.890705883037299 ], [ 3586775.708884970284998, 3013460.020344238262624 ], [ 3590851.916943245567381, 3017917.87779099913314 ], [ 3593214.673135333228856, 3016393.687572585884482 ], [ 3644732.376126839313656, 3084230.825596526265144 ], [ 3647775.004976997151971, 3105435.331980105489492 ], [ 3644232.996891140472144, 3121578.359743853565305 ] ] ] ] } },
{ "type": "Feature", "properties": { "gid": 6, "gm_layer": "Governorate", "gm_type": "Unknown Area Type", "id_0": 69, "iso": "EGY", "name_0": "Egypt", "id_1": 18, "name": "Asyut", "hasc_1": "EG.AT", "ccn_1": 0, "cca_1": null, "type_1": "Muhafazah", "type": "Governorate", "nl_name_1": null, "varname_1": "Asyiut|Assiout|Assiut|Assyut|Asyout", "name_1": null, "engtype_1": null, "perimeter": null, "enclosed_a": null, "length": null, "width": null, "island_are": null, "layer": null, "shape_leng": null, "shape_area": null, "population_sum": 4943104.0 }, "geometry": { "type": "MultiPolygon", "coordinates": [ [ [ [ 3625975.587393677327782, 3229201.792526284698397 ], [ 3625547.96470174472779, 3230424.091471303720027 ], [ 3605843.769178288057446, 3233836.507050365209579 ], [ 3599658.735818373970687, 3230580.907686677295715 ], [ 3585335.713347915560007, 3229343.953043289016932 ], [ 3563637.362730287481099, 3223485.400842388626188 ], [ 3546350.28070627246052, 3216730.633044694550335 ], [ 3529958.786249588243663, 3208886.298736224882305 ], [ 3512410.760207205079496, 3204932.609789116773754 ], [ 3488192.537068183999509, 3205170.143389030359685 ], [ 3437250.222260689828545, 3199606.568240276072174 ], [ 3434557.949243905488402, 3198944.062302496284246 ], [ 3433099.485803327988833, 3200198.879744430072606 ], [ 3432144.230988933239132, 3199493.947895304299891 ], [ 3431961.210614119656384, 3197469.438725171610713 ], [ 3428939.398508740123361, 3198527.171860262285918 ], [ 3427608.96361452434212, 3197797.417869309429079 ], [ 3425636.471293259877712, 3200007.185057514812797 ], [ 3424213.886124566197395, 3200680.521445208694786 ], [ 3423762.062575333751738, 3199860.542120632715523 ], [ 3421135.601641506422311, 3202361.349147108383477 ], [ 3420557.230095140635967, 3202146.869824898894876 ], [ 3420952.581266693305224, 3198914.831323880702257 ], [ 3418689.834505134727806, 3198765.323438678402454 ], [ 3418862.658014591783285, 3199925.000500011723489 ], [ 3398588.373114885296673, 3198815.883602959569544 ], [ 3435820.000574927311391, 3097407.733432649169117 ], [ 3468258.388872595969588, 3101915.140884751453996 ], [ 3483361.070792672690004, 3102686.552528789266944 ], [ 3493009.554073790553957, 3109279.208131520543247 ], [ 3495182.276763144414872, 3113484.177064017858356 ], [ 3498440.832029594108462, 3114623.187541905324906 ], [ 3500283.804123320616782, 3116569.000049318186939 ], [ 3504400.153989975806326, 3112614.799034930299968 ], [ 3508530.941994586959481, 3102970.654498661402613 ], [ 3512741.980220112018287, 3106327.602273450698704 ], [ 3518052.020118492655456, 3103108.434720855206251 ], [ 3520807.155251727439463, 3105122.382533992640674 ], [ 3524506.279666889924556, 3110936.906399019062519 ], [ 3536783.127445127815008, 3117166.367038468364626 ], [ 3550181.686072344891727, 3125465.019554797559977 ], [ 3568418.924478076398373, 3119050.344596788752824 ], [ 3578772.327302692923695, 3116843.141844866331667 ], [ 3589760.574051355477422, 3124231.460263113025576 ], [ 3610062.243545797653496, 3141711.255903814919293 ], [ 3630122.717099537607282, 3166014.152998248580843 ], [ 3630115.503596533555537, 3168261.648120937403291 ], [ 3634611.274815608747303, 3177819.596130208112299 ], [ 3635923.442181385587901, 3194655.271115066017956 ], [ 3625975.587393677327782, 3229201.792526284698397 ] ] ] ] } },
{ "type": "Feature", "properties": { "gid": 7, "gm_layer": "Governorate", "gm_type": "Unknown Area Type", "id_0": 69, "iso": "EGY", "name_0": "Egypt", "id_1": 10, "name": "Al Minya", "hasc_1": "EG.MN", "ccn_1": 0, "cca_1": null, "type_1": "Muhafazah", "type": "Governorate", "nl_name_1": null, "varname_1": "Minia|Minieh|Menia|Minya", "name_1": null, "engtype_1": null, "perimeter": null, "enclosed_a": null, "length": null, "width": null, "island_are": null, "layer": null, "shape_leng": null, "shape_area": null, "population_sum": 5874567.0 }, "geometry": { "type": "MultiPolygon", "coordinates": [ [ [ [ 3314352.224250772036612, 3347551.429568405263126 ], [ 3310495.972374354489148, 3325333.011554864235222 ], [ 3294266.058158556930721, 3289542.196326206438243 ], [ 3256750.131850977428257, 3261913.313341103494167 ], [ 3204705.642765139695257, 3238789.488787420559675 ], [ 3168892.136562211439013, 3208010.924098149873316 ], [ 3398588.373114885296673, 3198815.883602959569544 ], [ 3418862.658014591783285, 3199925.000500011723489 ], [ 3418689.834505134727806, 3198765.323438678402454 ], [ 3420952.581266693305224, 3198914.831323880702257 ], [ 3420557.230095140635967, 3202146.869824898894876 ], [ 3421135.601641506422311, 3202361.349147108383477 ], [ 3423762.062575333751738, 3199860.542120632715523 ], [ 3424213.886124566197395, 3200680.521445208694786 ], [ 3425636.471293259877712, 3200007.185057514812797 ], [ 3427608.96361452434212, 3197797.417869309429079 ], [ 3428939.398508740123361, 3198527.171860262285918 ], [ 3431961.210614119656384, 3197469.438725171610713 ], [ 3432144.230988933239132, 3199493.947895304299891 ], [ 3433099.485803327988833, 3200198.879744430072606 ], [ 3434557.949243905488402, 3198944.062302496284246 ], [ 3437250.222260689828545, 3199606.568240276072174 ], [ 3488192.537068183999509, 3205170.143389030359685 ], [ 3512410.760207205079496, 3204932.609789116773754 ], [ 3529958.786249588243663, 3208886.298736224882305 ], [ 3546350.28070627246052, 3216730.633044694550335 ], [ 3563637.362730287481099, 3223485.400842388626188 ], [ 3585335.713347915560007, 3229343.953043289016932 ], [ 3599658.735818373970687, 3230580.907686677295715 ], [ 3605843.769178288057446, 3233836.507050365209579 ], [ 3625547.96470174472779, 3230424.091471303720027 ], [ 3614759.302668125368655, 3269890.624631777405739 ], [ 3600574.705984467640519, 3281267.377111852169037 ], [ 3583389.113940210081637, 3292508.021454756613821 ], [ 3549504.373762561939657, 3286757.148891747463495 ], [ 3530183.640489042270929, 3280225.36409566225484 ], [ 3512736.035759303253144, 3282616.825063603464514 ], [ 3490671.855899080634117, 3290598.437541123945266 ], [ 3476129.277996931225061, 3299512.106973554007709 ], [ 3469290.287156402599066, 3311062.780654760543257 ], [ 3462953.02439282881096, 3325916.102852292358875 ], [ 3454519.470902279485017, 3337357.256757118739188 ], [ 3439920.420622450299561, 3338696.155576523393393 ], [ 3439904.290428234264255, 3338542.682073764037341 ], [ 3438367.268823003862053, 3338585.048300097696483 ], [ 3438037.952373390551656, 3340035.443292041309178 ], [ 3435503.853221074212343, 3339699.399669813457876 ], [ 3433372.953264411073178, 3341452.825074255466461 ], [ 3432423.865549805574119, 3343705.364058328792453 ], [ 3430015.245727511588484, 3343331.683396100532264 ], [ 3429963.649143529124558, 3345376.727042485028505 ], [ 3428237.451195645146072, 3344668.048792186658829 ], [ 3427942.532468686345965, 3343250.56468405155465 ], [ 3426294.458539440762252, 3345437.756742950063199 ], [ 3421674.699671520851552, 3346131.224229226820171 ], [ 3314352.224250772036612, 3347551.429568405263126 ] ] ] ] } },
{ "type": "Feature", "properties": { "gid": 8, "gm_layer": "Governorate", "gm_type": "Unknown Area Type", "id_0": 69, "iso": "EGY", "name_0": "Egypt", "id_1": 8, "name": "Al Jizah", "hasc_1": "EG.JZ", "ccn_1": 0, "cca_1": null, "type_1": "Muhafazah", "type": "Governorate", "nl_name_1": null, "varname_1": "El Giza|El Gizah|Gizeh|Giza|Guizèh", "name_1": null, "engtype_1": null, "perimeter": null, "enclosed_a": null, "length": null, "width": null, "island_are": null, "layer": null, "shape_leng": null, "shape_area": null, "population_sum": 10154248.0 }, "geometry": { "type": "MultiPolygon", "coordinates": [ [ [ [ 3431901.331860022153705, 3546094.5276481336914 ], [ 3430937.583368479739875, 3548115.28461805311963 ], [ 3429700.367415854241699, 3547633.569866910111159 ], [ 3430186.165673675946891, 3546222.688020449597389 ], [ 3380463.033061299007386, 3492676.437602802645415 ], [ 3377192.588873232714832, 3487781.79137424333021 ], [ 3296514.366782159544528, 3440606.443800159264356 ], [ 3201712.072414574213326, 3344057.48242736235261 ], [ 3098117.174670834559947, 3322138.419296476058662 ], [ 3045800.275659076403826, 3208158.383067386224866 ], [ 3168892.136562211439013, 3208010.924098149873316 ], [ 3204705.642765139695257, 3238789.488787420559675 ], [ 3256750.131850977428257, 3261913.313341103494167 ], [ 3294266.058158556930721, 3289542.196326206438243 ], [ 3310495.972374354489148, 3325333.011554864235222 ], [ 3314352.224250772036612, 3347551.429568405263126 ], [ 3323612.14684927649796, 3387274.16695293225348 ], [ 3340756.116535926703364, 3404697.531750481575727 ], [ 3366386.304964221082628, 3428648.456319436896592 ], [ 3424149.97760490141809, 3468903.999612090177834 ], [ 3454787.216541534755379, 3467855.099426209460944 ], [ 3462060.40905590262264, 3433936.939667916856706 ], [ 3464949.940210373140872, 3429448.220593499019742 ], [ 3470770.836383953224868, 3430757.062255241442472 ], [ 3473359.081336591392756, 3426893.824911612085998 ], [ 3476311.463475563097745, 3426615.745705254841596 ], [ 3476949.914151109755039, 3423840.659033867530525 ], [ 3474709.887697622179985, 3419623.120801059994847 ], [ 3475535.622284479439259, 3408690.233511045109481 ], [ 3474611.369948269799352, 3407001.557384142186493 ], [ 3474667.430443833116442, 3403693.711598894558847 ], [ 3473418.314437642227858, 3401471.759681067895144 ], [ 3473979.921268694102764, 3400678.811589833348989 ], [ 3502930.013134814333171, 3387195.694762352388352 ], [ 3543811.083121278323233, 3374841.296040316578001 ], [ 3550348.9992670067586, 3469366.132504920940846 ], [ 3527010.233501099981368, 3472658.513626825995743 ], [ 3512487.192169583868235, 3473077.232809604611248 ], [ 3499533.032081563491374, 3471245.88425707211718 ], [ 3486638.52810865920037, 3472847.822300242260098 ], [ 3485194.07979197287932, 3471974.920053751673549 ], [ 3484120.559150558896363, 3474238.351335339713842 ], [ 3483164.246801001019776, 3474150.053806350566447 ], [ 3483870.023504579439759, 3478399.129331017844379 ], [ 3483834.345607779920101, 3483235.60960281919688 ], [ 3482437.67561654234305, 3488554.868006182368845 ], [ 3482132.77153125917539, 3493166.129819951951504 ], [ 3481837.641297268681228, 3494925.647191057447344 ], [ 3480401.686657729558647, 3496733.185469150543213 ], [ 3477714.923955739010125, 3498652.252532272133976 ], [ 3476174.084091975353658, 3503105.846028259489685 ], [ 3475756.435626417398453, 3507733.410377062857151 ], [ 3476406.574848497286439, 3508184.679914389271289 ], [ 3475408.651273280847818, 3509724.272882459219545 ], [ 3475042.599391705356538, 3512282.674082896672189 ], [ 3475992.755773422308266, 3513275.354056975338608 ], [ 3477832.978275725618005, 3517132.981042746920139 ], [ 3476323.775411245413125, 3520063.80225234804675 ], [ 3469825.143913817126304, 3521731.523458894807845 ], [ 3465402.409412650857121, 3526399.516564873978496 ], [ 3460725.52138205524534, 3530612.468850339762866 ], [ 3458178.475772959645838, 3531912.995589051861316 ], [ 3452656.316584873013198, 3528954.875854709651321 ], [ 3450822.049675326328725, 3529866.564469119068235 ], [ 3447846.101200153119862, 3532946.532628676854074 ], [ 3446108.849226833786815, 3539904.344445485156029 ], [ 3441461.060111130587757, 3540401.028061555232853 ], [ 3442294.431215056683868, 3543771.56415256485343 ], [ 3441719.031899095047265, 3546631.050695232115686 ], [ 3437171.452589004766196, 3547372.281646475661546 ], [ 3433531.98428895836696, 3545335.896980572957546 ], [ 3431901.331860022153705, 3546094.5276481336914 ] ] ] ] } },
{ "type": "Feature", "properties": { "gid": 9, "gm_layer": "Governorate", "gm_type": "Unknown Area Type", "id_0": 69, "iso": "EGY", "name_0": "Egypt", "id_1": 24, "name": "Matrouh", "hasc_1": "EG.MT", "ccn_1": 0, "cca_1": null, "type_1": "Muhafazah", "type": "Governorate", "nl_name_1": "?????? ?????", "varname_1": "Marsa Matruh|Mersa Matruh|Western Desert|Matrouh", "name_1": null, "engtype_1": null, "perimeter": null, "enclosed_a": null, "length": null, "width": null, "island_are": null, "layer": null, "shape_leng": null, "shape_area": null, "population_sum": 518866.0 }, "geometry": { "type": "MultiPolygon", "coordinates": [ [ [ [ 3225497.785936016589403, 3612077.514696574769914 ], [ 3225652.364180931821465, 3612293.660980654414743 ], [ 3224680.545026306994259, 3613734.252414019778371 ], [ 3222838.418960710056126, 3614166.58038684213534 ], [ 3222714.631686948705465, 3614634.792714235372841 ], [ 3222467.057139424141496, 3614814.867102543823421 ], [ 3219498.756313269026577, 3615715.485673096496612 ], [ 3218323.745692098513246, 3616255.997080352157354 ], [ 3216654.02012189431116, 3617877.153500188607723 ], [ 3216654.02012189431116, 3618237.632340560667217 ], [ 3216251.878461403306574, 3618850.003369237296283 ], [ 3215386.447344128973782, 3619210.510439600795507 ], [ 3214860.306902843993157, 3619642.795432823244482 ], [ 3213778.29258428234607, 3619931.555971573106945 ], [ 3212510.497167536057532, 3620616.030113197397441 ], [ 3211984.779740315396339, 3621228.271901325322688 ], [ 3210964.34736406058073, 3621805.393348494544625 ], [ 3210160.275550112128258, 3622562.235257521271706 ], [ 3210160.275550112128258, 3622778.551015369594097 ], [ 3209696.551947314292192, 3623283.228909651283175 ], [ 3209696.551947314292192, 3623859.952766505535692 ], [ 3209912.912509619724005, 3624040.147968860343099 ], [ 3209727.342918467242271, 3624508.74561227299273 ], [ 3209851.130192229524255, 3625013.480905020143837 ], [ 3209696.551947314292192, 3625157.806008756160736 ], [ 3209758.345396653283387, 3625482.102335880510509 ], [ 3209294.621793856378645, 3625951.001067510340363 ], [ 3209418.19756058556959, 3626671.945059076882899 ], [ 3207408.324154313188046, 3627068.571689075790346 ], [ 3205398.461879989597946, 3626996.527617497369647 ], [ 3202244.36882370011881, 3628511.137883398681879 ], [ 3201409.717545630875975, 3629737.158374266233295 ], [ 3201502.290834174025804, 3630314.688870149664581 ], [ 3201687.648918294347823, 3630566.808588413521647 ], [ 3201966.014436971861869, 3630530.646486409474164 ], [ 3201966.014436971861869, 3630711.185371791012585 ], [ 3198935.708654444664717, 3630711.185371791012585 ], [ 3197729.706687037367374, 3630963.559874247293919 ], [ 3197544.125963936094195, 3631396.501375836785883 ], [ 3197265.771577207371593, 3631396.501375836785883 ], [ 3197265.771577207371593, 3630855.33010911103338 ], [ 3197111.19333229213953, 3630819.167164972051978 ], [ 3196647.48086144356057, 3631252.103620349429548 ], [ 3196770.8451211405918, 3631901.530181553214788 ], [ 3196894.8439019350335, 3631901.530181553214788 ], [ 3196801.836467377375811, 3632262.170048774220049 ], [ 3196616.478383257519454, 3632153.915950486436486 ], [ 3196430.908792105037719, 3632442.487427129410207 ], [ 3195874.400393730960786, 3632658.975641184486449 ], [ 3195997.976160461083055, 3633091.976410486269742 ], [ 3193987.902379104867578, 3633236.135870261583477 ], [ 3191978.240479865111411, 3633091.976410486269742 ], [ 3191205.160012152977288, 3633308.229217016603798 ], [ 3189937.587234388105571, 3633272.059110376052558 ], [ 3185082.554622675757855, 3634607.072311052121222 ], [ 3183691.194571148604155, 3635365.189904962666333 ], [ 3183598.19826853973791, 3635617.412472399417311 ], [ 3183783.767859692219645, 3635942.229505550116301 ], [ 3183103.472187556326389, 3636483.376339827198535 ], [ 3183196.256983132567257, 3637349.647659261245281 ], [ 3183072.269334286917001, 3637493.856719410046935 ], [ 3182361.405329979490489, 3637746.616384345572442 ], [ 3181526.331037844531238, 3637674.263321465812624 ], [ 3181340.961821775417775, 3637927.026672733947635 ], [ 3180815.244394555222243, 3638107.426599935628474 ], [ 3180134.959854368586093, 3638143.610841630958021 ], [ 3180011.384087639395148, 3638359.951940001454204 ], [ 3179794.812018300872296, 3638323.767065402120352 ], [ 3179733.029700910206884, 3639045.431697919499129 ], [ 3178898.166915808338672, 3639045.431697919499129 ], [ 3178867.375944654457271, 3639370.845514476764947 ], [ 3179021.742682537529618, 3639587.208082790486515 ], [ 3178681.59484646981582, 3639587.208082790486515 ], [ 3178465.022777131292969, 3639226.601574210915715 ], [ 3177506.584225299302489, 3639153.992974016349763 ], [ 3177104.654071841388941, 3638865.26496162917465 ], [ 3176084.43320261919871, 3638937.624991996213794 ], [ 3175867.861133280675858, 3639226.601574210915715 ], [ 3175311.141227874904871, 3639226.601574210915715 ], [ 3174878.219728179741651, 3639009.751563199795783 ], [ 3173981.563493737950921, 3639334.410799438599497 ], [ 3173332.058792755473405, 3639912.129375179763883 ], [ 3172930.128639297094196, 3639875.952952847350389 ], [ 3172126.268332380801439, 3640164.691571559756994 ], [ 3171693.335700736846775, 3640020.451364687178284 ], [ 3171043.842131703626364, 3640236.578400289174169 ], [ 3169497.892703311517835, 3641139.539599286392331 ], [ 3169095.75104282097891, 3641933.512244466692209 ], [ 3167982.533870989922434, 3642403.021484421100467 ], [ 3167704.39099129429087, 3642763.967622480820864 ], [ 3167549.812746378593147, 3643377.799127356149256 ], [ 3166900.519552428741008, 3643161.12323589483276 ], [ 3165941.880625513382256, 3643666.372602549847215 ], [ 3165632.735267631243914, 3644063.804204075131565 ], [ 3161024.854189377743751, 3643738.773743944708258 ], [ 3159138.768056867644191, 3643341.599561354145408 ], [ 3159076.985739476978779, 3643124.924304746557027 ], [ 3158056.553363222628832, 3642944.438146689441055 ], [ 3157036.109855019021779, 3642438.711414584424347 ], [ 3156167.283493275754154, 3642330.381227558013052 ], [ 3154005.815204440616071, 3641464.2677659871988 ], [ 3152738.019787694327533, 3641319.752476509660482 ], [ 3149986.068391895387322, 3642186.115746293216944 ], [ 3147852.41884381044656, 3642402.774540617130697 ], [ 3145657.187353417742997, 3642186.115746293216944 ], [ 3143801.469177995808423, 3642402.774540617130697 ], [ 3139812.513336603529751, 3642113.97064048377797 ], [ 3139163.231274602934718, 3642619.684081834275275 ], [ 3137184.148839483968914, 3643124.924304746557027 ], [ 3135514.423269279301167, 3644461.001608012709767 ], [ 3134648.558005990926176, 3644749.860379951540381 ], [ 3132546.111311174929142, 3644785.804082146380097 ], [ 3130628.610818362329155, 3644352.653687090147287 ], [ 3129237.23963488638401, 3644461.001608012709767 ], [ 3128155.024941241368651, 3644208.104611312504858 ], [ 3127289.159677953459322, 3644316.451264281291515 ], [ 3126361.51209727441892, 3643955.21279228432104 ], [ 3125619.434107748791575, 3644099.511930973734707 ], [ 3123021.84944983292371, 3643919.258508388418704 ], [ 3122743.495063104201108, 3644063.804204075131565 ], [ 3121878.052813881076872, 3643883.317327739670873 ], [ 3121692.27171569596976, 3644136.207674861885607 ], [ 3121537.693470780737698, 3643991.414156384766102 ], [ 3119651.395831238012761, 3644136.207674861885607 ], [ 3118352.60906825447455, 3644027.602627826388925 ], [ 3117950.678914796095341, 3644208.104611312504858 ], [ 3117796.312176913488656, 3644533.147421424742788 ], [ 3114673.010091776959598, 3644496.957468832377344 ], [ 3111704.497758589219302, 3644749.860379951540381 ], [ 3108735.985425401013345, 3645399.736068367958069 ], [ 3108704.982947215437889, 3645580.011099372990429 ], [ 3108179.265519995242357, 3645724.563232779037207 ], [ 3106200.39459190890193, 3646880.391140080988407 ], [ 3105674.677164688240737, 3647422.511214176658541 ], [ 3105365.320299773477018, 3648036.314272863324732 ], [ 3105056.174941891804338, 3649369.958195117302239 ], [ 3105396.322777959518135, 3649517.285672297235578 ], [ 3105117.957259282004088, 3649697.867942130658776 ], [ 3104623.242310247849673, 3650673.221752213314176 ], [ 3104685.247266619000584, 3651070.371784710790962 ], [ 3104994.392624501604587, 3651179.025812874082476 ], [ 3104592.451339093968272, 3652371.34360484406352 ], [ 3105148.959737468045205, 3652696.60150417778641 ], [ 3104654.24478843389079, 3653527.534241239540279 ], [ 3104963.39014631556347, 3654430.98690219130367 ], [ 3104901.596696976106614, 3654900.724674610886723 ], [ 3103973.949116297531873, 3655804.265004055574536 ], [ 3103572.018962839618325, 3655948.950023612007499 ], [ 3103417.24034284055233, 3656418.498446447309107 ], [ 3102551.586586584802717, 3657539.335144862998277 ], [ 3102278.965153632219881, 3659888.301429693587124 ], [ 3102025.869159364607185, 3660467.738297879695892 ], [ 3102118.442447908222675, 3660901.45523428870365 ], [ 3102396.807966585736722, 3660937.706389162689447 ], [ 3102149.444926094263792, 3661154.447568490635604 ], [ 3102242.018214637879282, 3661479.703175648115575 ], [ 3102706.164831500500441, 3661227.198796635493636 ], [ 3102458.80179100856185, 3661552.195981958881021 ], [ 3102582.377557737752795, 3661805.449028350878507 ], [ 3102304.234678042121232, 3661696.948562754318118 ], [ 3102025.869159364607185, 3662094.714513428974897 ], [ 3101994.655174146406353, 3662673.252869411371648 ], [ 3102211.438750516623259, 3662965.259675693232566 ], [ 3102118.442447908222675, 3663287.829153202939779 ], [ 3102396.807966585736722, 3663721.645517196971923 ], [ 3102211.438750516623259, 3663794.411928521003574 ], [ 3102149.444926094263792, 3664264.507121583912522 ], [ 3101221.585838383063674, 3664770.622325658798218 ], [ 3100727.082396381068975, 3664879.410323427990079 ], [ 3100881.649509347975254, 3664517.568629928864539 ], [ 3100634.297600805293769, 3663758.399726970586926 ], [ 3100386.934560313355178, 3663721.645517196971923 ], [ 3100232.356315397657454, 3663179.56297316076234 ], [ 3099954.001928668934852, 3663215.807821982074529 ], [ 3099614.065599633380771, 3662854.01507057575509 ], [ 3099706.427381144836545, 3662420.229304470587522 ], [ 3099335.499705872498453, 3662564.744750401005149 ], [ 3099335.499705872498453, 3662203.218486821744591 ], [ 3098624.424194532446563, 3661805.449028350878507 ], [ 3098501.482948900666088, 3661550.451671674381942 ], [ 3098160.277577670291066, 3661660.942500904202461 ], [ 3097665.56262863567099, 3661479.703175648115575 ], [ 3097449.413573362398893, 3661118.456110801082104 ], [ 3096923.907653174363077, 3660973.710334850475192 ], [ 3096738.126554989721626, 3660684.471200417261571 ], [ 3096459.772168260533363, 3660865.217202716041356 ], [ 3096181.618156615644693, 3660648.220791469793767 ], [ 3094697.26180248009041, 3660286.750830643344671 ], [ 3094697.26180248009041, 3660112.976731281727552 ], [ 3094419.107790834736079, 3660178.51105404086411 ], [ 3094357.113966411910951, 3659961.29246943211183 ], [ 3093274.888140818104148, 3659780.57275618892163 ], [ 3092996.533754089381546, 3659418.880989260040224 ], [ 3092316.037706870120019, 3659310.635828825645149 ], [ 3092038.095202257856727, 3659057.694403698667884 ], [ 3090491.945398782845587, 3658551.80111459735781 ], [ 3090460.954052546061575, 3658407.0855160234496 ], [ 3089811.660858595743775, 3658407.0855160234496 ], [ 3086317.419966238085181, 3657069.496757731772959 ], [ 3084709.699352405965328, 3656888.806469329632819 ], [ 3084338.560170101001859, 3656744.123423017561436 ], [ 3084293.119553959462792, 3656518.767901670653373 ], [ 3083827.492387869395316, 3656605.388564388733357 ], [ 3082869.688357134815305, 3656309.056555806659162 ], [ 3082947.188986625056714, 3655840.25394278857857 ], [ 3082575.827165338676423, 3655587.370769866276532 ], [ 3082421.260052372235805, 3655226.049327485729009 ], [ 3080287.610504286363721, 3655481.904563344549388 ], [ 3079112.59988311631605, 3655938.775176224764436 ], [ 3077597.441425878088921, 3655804.265004055574536 ], [ 3077535.447601455263793, 3655984.69216920947656 ], [ 3076577.009049623273313, 3656418.498446447309107 ], [ 3076422.230429624207318, 3656744.123423017561436 ], [ 3076205.869867318309844, 3657467.113211079966277 ], [ 3076267.652184708975255, 3657720.034977375995368 ], [ 3076484.224254047032446, 3657756.263751996681094 ], [ 3076577.009049623273313, 3658238.543440773617476 ], [ 3073547.560427175369114, 3658155.646208276040852 ], [ 3072155.131708536297083, 3657927.284787348937243 ], [ 3072000.553463621065021, 3657647.798970795236528 ], [ 3071227.69563489081338, 3657503.09399542119354 ], [ 3069217.610721585340798, 3657503.09399542119354 ], [ 3068253.01620191289112, 3658183.937916888389736 ], [ 3068104.393549754284322, 3658551.80111459735781 ], [ 3067485.891326958313584, 3658768.253015330992639 ], [ 3067145.954997922759503, 3659202.15735452529043 ], [ 3067083.961173499934375, 3659527.608660206664354 ], [ 3067640.246932892128825, 3659418.880989260040224 ], [ 3067609.467093687970191, 3659629.881746211554855 ], [ 3060002.494218125939369, 3659708.077369119040668 ], [ 3055673.390540665946901, 3660612.230814243666828 ], [ 3054467.600080291740596, 3661154.447568490635604 ], [ 3052797.874510087072849, 3662275.468213999178261 ], [ 3052106.547076413407922, 3663034.792946834582835 ], [ 3050788.012235763948411, 3664011.450820766855031 ], [ 3050200.501359203830361, 3664553.817422222346067 ], [ 3050191.584667991381139, 3664879.657717935275286 ], [ 3049427.432023440953344, 3665530.595950047951192 ], [ 3048499.784442762844265, 3666832.341415000613779 ], [ 3048554.130618167575449, 3667737.018774309661239 ], [ 3048437.779486390762031, 3668078.83292140532285 ], [ 3048128.634128508623689, 3668134.980174265801907 ], [ 3048159.636606694664806, 3668460.654930206947029 ], [ 3047974.067015542183071, 3668641.267803329974413 ], [ 3048190.427577848080546, 3668894.666917364113033 ], [ 3048128.634128508623689, 3669408.683961206581444 ], [ 3047850.279741779901087, 3669763.205829558428377 ], [ 3047633.919179474469274, 3670921.044951893854886 ], [ 3046613.486803219188005, 3672585.678034139797091 ], [ 3046706.271598795894533, 3672942.793273186776787 ], [ 3046579.512094628997147, 3673711.221050201449543 ], [ 3045376.059343561530113, 3675228.086924529168755 ], [ 3045036.546028590761125, 3675409.046995054464787 ], [ 3044998.75306146685034, 3675843.291681240312755 ], [ 3044265.168749088421464, 3677044.963261623401195 ], [ 3044399.353263290133327, 3677750.743777758907527 ], [ 3044307.63713482581079, 3678059.533085039816797 ], [ 3045045.251212771050632, 3679259.166664922144264 ], [ 3044943.761233014520258, 3680113.786072205752134 ], [ 3043706.545280389487743, 3680659.107056333683431 ], [ 3043496.763699989300221, 3681256.917713256552815 ], [ 3042171.004224386997521, 3681274.832144090905786 ], [ 3035914.42582773976028, 3680441.773632150143385 ], [ 3032423.157165786717087, 3680466.140337094664574 ], [ 3033688.191859161481261, 3680260.491561980452389 ], [ 3033935.554899652954191, 3680079.720612563658506 ], [ 3033916.018329019192606, 3679826.338098754175007 ], [ 3034369.968080524820834, 3680044.899109705816954 ], [ 3035561.966055990196764, 3680060.074024283792824 ], [ 3035577.250222076661885, 3679516.76121271867305 ], [ 3035438.601796292699873, 3679303.671732808928937 ], [ 3035084.661475315690041, 3679284.274073510430753 ], [ 3033924.512006166391075, 3679802.220361390616745 ], [ 3033440.62844358664006, 3679464.055571941193193 ], [ 3032853.117567026522011, 3679826.338098754175007 ], [ 3032481.978384722024202, 3679246.977988228201866 ], [ 3031214.182967975270003, 3679246.977988228201866 ], [ 3030533.898427788633853, 3679464.055571941193193 ], [ 3030186.314449735917151, 3680260.491561980452389 ], [ 3029853.814262685365975, 3680079.720612563658506 ], [ 3029761.029467109125108, 3679753.724298042710871 ], [ 3028555.027499702293426, 3679862.384427129756659 ], [ 3028431.240225940011442, 3679717.430595537647605 ], [ 3027464.519503992982209, 3679744.025108400732279 ], [ 3027139.243951894808561, 3679463.299469912890345 ], [ 3025888.435889443848282, 3679459.323416914790869 ], [ 3025369.931965226773173, 3679608.758715234696865 ], [ 3025215.364852260798216, 3680007.105310492683202 ], [ 3025369.931965226773173, 3680695.155834448523819 ], [ 3025695.641663338989019, 3680767.775214009452611 ], [ 3025935.780068878084421, 3681081.360284886788577 ], [ 3026823.296973125543445, 3680550.19215183518827 ], [ 3027070.660013617482036, 3680985.114420722238719 ], [ 3027349.014400345738977, 3681093.785469840280712 ], [ 3028122.094868058338761, 3681093.785469840280712 ], [ 3028489.627298860810697, 3680770.760831464547664 ], [ 3029501.777505000587553, 3680930.407680239994079 ], [ 3029853.814262685365975, 3680479.81648111063987 ], [ 3030410.322661058977246, 3680478.069479975383729 ], [ 3030769.361414714716375, 3680793.641897686757147 ], [ 3027715.912310051731765, 3681383.505763029679656 ], [ 3023797.87811624398455, 3681711.279580757487565 ], [ 3018783.825611933600157, 3681709.284670025110245 ], [ 3017051.883578324690461, 3681528.244613772258162 ], [ 3016835.534147968050092, 3681854.275106837041676 ], [ 3015598.518570425920188, 3682325.062543356791139 ], [ 3014887.443059085868299, 3682252.694716205820441 ], [ 3013836.008204645011574, 3682687.677433591336012 ], [ 3013217.717488880734891, 3683158.249142604414374 ], [ 3012946.587737104855478, 3683693.507811776828021 ], [ 3013146.806973245926201, 3684232.780522372573614 ], [ 3012775.879297973122448, 3685295.459325346164405 ], [ 3012104.500317050144076, 3684824.557675110176206 ], [ 3011454.995616067200899, 3685259.383961172774434 ], [ 3011300.640010133385658, 3685693.977879537269473 ], [ 3010156.420360116753727, 3685693.977879537269473 ], [ 3009846.851988169830292, 3685476.30727620003745 ], [ 3009568.920615505892783, 3685802.69072446692735 ], [ 3007589.83818038739264, 3685947.977460540831089 ], [ 3006785.543727456592023, 3686382.608874545898288 ], [ 3006395.290988582652062, 3686731.908659386448562 ], [ 3006352.822602845262736, 3687070.769892673939466 ], [ 3005950.892449386883527, 3687614.41798197850585 ], [ 3005876.375182249583304, 3688011.524896366521716 ], [ 3006043.677244963124394, 3688375.299761837348342 ], [ 3004612.821038102731109, 3689103.390763867646456 ], [ 3004373.962806707248092, 3689570.973572090268135 ], [ 3004212.171058788429946, 3689505.777843081858009 ], [ 3003878.179190561175346, 3689774.286799756344408 ], [ 3003777.958253000397235, 3690311.087541096378118 ], [ 3003343.968086193781346, 3690193.370869993232191 ], [ 3002876.426224862225354, 3690277.241598720196635 ], [ 3002796.810525046661496, 3690446.22433659248054 ], [ 3001374.01384931942448, 3690494.997643594164401 ], [ 2997385.280646909493953, 3690006.229530390352011 ], [ 2996303.266328347846866, 3690067.448427706956863 ], [ 2996179.479054586030543, 3689933.816268759313971 ], [ 2994229.2728953785263, 3690171.724799895193428 ], [ 2988356.156748666893691, 3690114.980702787172049 ], [ 2987417.889288566540927, 3690280.725351765286177 ], [ 2986686.431178462691605, 3690767.273181217256933 ], [ 2986129.922780088614672, 3690839.939298022538424 ], [ 2985880.656176304444671, 3691234.671695337630808 ], [ 2985202.275199410505593, 3691673.457987010478973 ], [ 2981955.397347544319928, 3692579.723027762491256 ], [ 2981182.32801178144291, 3693268.728826112113893 ], [ 2981101.855151887517422, 3693993.378545424900949 ], [ 2980899.298206439707428, 3694245.814664914272726 ], [ 2978368.382791560143232, 3695045.210546046961099 ], [ 2978058.179898515809327, 3695246.617742747999728 ], [ 2977966.452638102229685, 3695588.952332362066954 ], [ 2977657.307280220091343, 3695697.753198069985956 ], [ 2972926.06194226955995, 3695443.798997274599969 ], [ 2969957.549609081819654, 3695806.555033068638295 ], [ 2968936.482711729593575, 3696330.174974475521594 ], [ 2967885.68237838614732, 3696277.87985166022554 ], [ 2966931.707738135475665, 3696542.059977034106851 ], [ 2963340.229270569980145, 3696386.947941230144352 ], [ 2963062.286765957251191, 3696459.151421912480146 ], [ 2963083.738031833432615, 3696676.521592349279672 ], [ 2961484.934109213296324, 3696313.98774328129366 ], [ 2959650.01041467115283, 3696399.140652358066291 ], [ 2959616.046838030219078, 3696566.967900442425162 ], [ 2958713.869156845379621, 3696613.781357290223241 ], [ 2958378.396739390678704, 3696998.478324045892805 ], [ 2957743.341308312956244, 3697039.314250534400344 ], [ 2956773.225341896992177, 3697428.515683101955801 ], [ 2956370.872174373362213, 3697796.318001291714609 ], [ 2956367.465797955635935, 3698601.913252530619502 ], [ 2955114.9656792441383, 3697909.61671679886058 ], [ 2953131.630839576944709, 3697463.621708834543824 ], [ 2949491.539150381926447, 3697212.372365405317396 ], [ 2948353.475468206219375, 3697693.960996979381889 ], [ 2947986.154544435441494, 3697658.60625153966248 ], [ 2947048.733112465124577, 3698057.045013489667326 ], [ 2946713.049187977798283, 3698391.232856965623796 ], [ 2944137.76182406861335, 3699334.348392804618925 ], [ 2942405.819790459237993, 3699436.209910623263568 ], [ 2941849.534031067043543, 3699795.350034638307989 ], [ 2941509.386194999329746, 3699650.407831111457199 ], [ 2941323.816603846848011, 3699868.331044503487647 ], [ 2940395.957516136113554, 3699831.964535750448704 ], [ 2939994.238869710359722, 3700085.761936807539314 ], [ 2937984.365463437512517, 3699940.555121695622802 ], [ 2936963.93308718316257, 3700267.586288456339389 ], [ 2936840.357320453040302, 3700085.761936807539314 ], [ 2936376.210703590884805, 3700085.761936807539314 ], [ 2935664.923685218207538, 3700447.167265061754733 ], [ 2935386.780805522110313, 3700884.051599310711026 ], [ 2933469.480687792878598, 3700811.312634710222483 ], [ 2932572.835585300344974, 3701283.078895636368543 ], [ 2931645.188004622235894, 3701174.22823048196733 ], [ 2931243.257851163856685, 3701464.424824418965727 ], [ 2930655.746974604204297, 3701355.572540961671621 ], [ 2930408.183559029363096, 3701827.111710715573281 ], [ 2929728.099393925629556, 3701718.504330289550126 ], [ 2929326.169240467716008, 3702190.057532048318535 ], [ 2928769.460467010270804, 3702117.310778646729887 ], [ 2928707.878524703439325, 3702371.665100233163685 ], [ 2928429.10112390993163, 3702480.27829748345539 ], [ 2927501.665050263516605, 3702371.665100233163685 ], [ 2926264.660604670643806, 3703278.463469921145588 ], [ 2924162.002402822021395, 3703822.324069352820516 ], [ 2923234.566329176537693, 3704366.96657620370388 ], [ 2922677.846423769835383, 3704258.088378963526338 ], [ 2920791.548784227110445, 3705019.772833141032606 ], [ 2918967.044594023376703, 3705346.927182952873409 ], [ 2918874.259798447601497, 3705528.085350052453578 ], [ 2917482.888614971190691, 3706072.542794842272997 ], [ 2916709.607772175688297, 3706108.679691529367119 ], [ 2916493.458716901950538, 3705963.649359764065593 ], [ 2916122.308402648195624, 3706290.084351531695575 ], [ 2915132.878504579886794, 3706326.47012706194073 ], [ 2915009.09123081760481, 3706580.402751290705055 ], [ 2914607.161077359691262, 3706544.26445553638041 ], [ 2914328.80669063096866, 3706798.201619057450444 ], [ 2913957.867883409839123, 3706689.30169848818332 ], [ 2911484.070499255787581, 3707306.588332763407379 ], [ 2910494.429094154853374, 3707705.590729864314198 ], [ 2909875.926871358416975, 3708286.288854897022247 ], [ 2909505.199571169447154, 3708141.232596689369529 ], [ 2908702.185292382724583, 3708582.626611336600035 ], [ 2908484.555687882006168, 3708467.725945407524705 ], [ 2907835.474000964779407, 3708794.489398629404604 ], [ 2907556.696600171271712, 3708758.096250327304006 ], [ 2907371.338516050949693, 3709048.721768072806299 ], [ 2906659.828858696855605, 3709230.418511130847037 ], [ 2906412.476950154639781, 3709121.24855199502781 ], [ 2906258.110212271101773, 3709375.487743598408997 ], [ 2905763.395263237413019, 3709193.775767888873816 ], [ 2905732.392785051371902, 3709375.487743598408997 ], [ 2905423.247427168767899, 3709339.092858873773366 ], [ 2904835.747682558372617, 3709956.265504580456764 ], [ 2903320.600357269402593, 3710210.273820064496249 ], [ 2903196.813083507120609, 3710428.38593035005033 ], [ 2903073.237316777464002, 3710246.422995470929891 ], [ 2902640.304685133974999, 3710464.28743540449068 ], [ 2902300.167981014586985, 3710391.504334283061326 ], [ 2902083.384404643904418, 3710681.907451967243105 ], [ 2901836.444378217216581, 3710536.822652181144804 ], [ 2901186.939677234739065, 3710681.907451967243105 ], [ 2901063.152403472922742, 3710863.889966301154345 ], [ 2900630.230903777759522, 3710791.091406201012433 ], [ 2900444.650180676020682, 3711081.517127005849034 ], [ 2899795.156611642800272, 3710972.57889608759433 ], [ 2898991.496679809410125, 3711408.337669937871397 ], [ 2898187.424865860491991, 3711408.337669937871397 ], [ 2897723.712395012844354, 3711626.235978060401976 ], [ 2897073.784679964650422, 3711510.051816672086716 ], [ 2896455.916978266090155, 3711735.180059717502445 ], [ 2896424.914500080049038, 3712025.615238473750651 ], [ 2896146.560113351326436, 3712025.615238473750651 ], [ 2896084.76666401186958, 3711807.722850542981178 ], [ 2895930.199551045894623, 3712025.615238473750651 ], [ 2895528.269397587515414, 3711916.668556851800531 ], [ 2895311.697328248992562, 3712098.172831712290645 ], [ 2895126.127737096510828, 3711952.822800416965038 ], [ 2894445.620557928457856, 3712460.928072883747518 ], [ 2893920.326144773047417, 3712534.220270934514701 ], [ 2893672.762729198206216, 3712388.865031234920025 ], [ 2893518.184484282508492, 3712679.328883793205023 ], [ 2893054.472013433463871, 3712715.485393370967358 ], [ 2892868.891290332190692, 3712460.928072883747518 ], [ 2892714.324177365750074, 3712679.328883793205023 ], [ 2892188.606750145554543, 3712824.687593380920589 ], [ 2891693.891801111400127, 3712751.628938562236726 ], [ 2891601.10700553515926, 3712896.988511896226555 ], [ 2890889.597348181065172, 3712896.988511896226555 ], [ 2890828.026537823025137, 3713042.101451223250479 ], [ 2889838.596639754250646, 3713078.507410212419927 ], [ 2889158.30096761835739, 3713550.500595087185502 ], [ 2888106.866113177966326, 3713477.93434072798118 ], [ 2887519.366368567571044, 3713623.302592028863728 ], [ 2887210.221010684967041, 3713986.103308974765241 ], [ 2886715.29455461865291, 3713878.877785057295114 ], [ 2886097.003838853910565, 3714204.283107103314251 ], [ 2885571.497918666340411, 3714168.1352458903566 ], [ 2884983.775535074062645, 3714494.790307743474841 ], [ 2884612.636352770030499, 3714458.628509511239827 ], [ 2884458.058107853867114, 3714639.922308455687016 ], [ 2882602.762946497183293, 3714604.008481234312057 ], [ 2882478.764165702741593, 3714785.304447224363685 ], [ 2882293.617588615044951, 3714639.922308455687016 ], [ 2881520.548252852167934, 3714676.319975805003196 ], [ 2881366.181514969095588, 3714458.628509511239827 ], [ 2879788.817726275417954, 3714313.511745526921004 ], [ 2878922.752087903674692, 3713877.387458905111998 ], [ 2878366.455196562688798, 3713877.387458905111998 ], [ 2877284.017863936256617, 3713368.974654612131417 ], [ 2876171.012199137825519, 3713368.974654612131417 ], [ 2876016.233579138759524, 3713115.148778036236763 ], [ 2875212.362140273209661, 3713005.94397105043754 ], [ 2874964.798724697902799, 3712788.034028418362141 ], [ 2873944.577855476178229, 3712788.034028418362141 ], [ 2873573.216034189797938, 3712460.928072883747518 ], [ 2873357.278485949151218, 3712642.92411917867139 ], [ 2873295.284661525860429, 3712425.020677726250142 ], [ 2872800.358205459080637, 3712206.872784703504294 ], [ 2871161.623981491196901, 3711843.876770450733602 ], [ 2870202.98505457630381, 3711299.396513890475035 ], [ 2869739.261451778467745, 3711335.797259597107768 ], [ 2869120.759228982031345, 3710936.427564249373972 ], [ 2866615.959366642404348, 3710137.740548920817673 ], [ 2865440.7372384397313, 3709484.16338608879596 ], [ 2864080.379665098618716, 3709121.24855199502781 ], [ 2863214.514401810709387, 3708612.786092324648052 ], [ 2862626.792018217965961, 3708612.786092324648052 ], [ 2862039.503780640196055, 3708213.753976366948336 ], [ 2861452.004036029800773, 3708141.232596689369529 ], [ 2860184.208619283046573, 3707451.882908244617283 ], [ 2859627.700220908969641, 3707451.882908244617283 ], [ 2857803.19603070570156, 3706653.163079727906734 ], [ 2856968.333245603833348, 3706580.402751290705055 ], [ 2855174.820401636883616, 3705709.481367001775652 ], [ 2854772.890248178504407, 3705673.09743376635015 ], [ 2854741.887769992463291, 3705528.085350052453578 ], [ 2854370.960094720125198, 3705673.09743376635015 ], [ 2849979.862592837773263, 3704004.204137251712382 ], [ 2849454.579311632085592, 3704076.452711005695164 ], [ 2849423.576833446044475, 3703895.080995818600059 ], [ 2845650.770047327503562, 3702842.995396207086742 ], [ 2843022.394418258219957, 3701718.008050587959588 ], [ 2838878.871463900431991, 3700448.655949126463383 ], [ 2836374.283108592964709, 3699940.555121695622802 ], [ 2834673.777699184138328, 3699904.449558685999364 ], [ 2834209.631082321982831, 3700158.496575636789203 ], [ 2834178.851243117358536, 3699940.555121695622802 ], [ 2832911.267333403695375, 3699759.493001306895167 ], [ 2830715.401321914047003, 3698961.524991684127599 ], [ 2826974.0200280463323, 3698236.084268555045128 ], [ 2823819.715464724227786, 3698453.499137195758522 ], [ 2823695.928190962411463, 3698743.866050625219941 ], [ 2823541.572585028130561, 3698563.317836094181985 ], [ 2820634.842569230590016, 3698345.169853861443698 ], [ 2815656.456829770468175, 3698490.344630222767591 ], [ 2813028.081200701184571, 3699106.472070285584778 ], [ 2809873.99927636096254, 3699541.819827267434448 ], [ 2806503.545657765585929, 3700412.548882476519793 ], [ 2803225.887966695707291, 3701754.876463380176574 ], [ 2802019.874867339618504, 3702661.628967715427279 ], [ 2801587.153742727823555, 3703205.723284705076367 ], [ 2801617.733206848613918, 3703532.084421556908637 ], [ 2800968.440012898761779, 3704403.098416019696742 ], [ 2800782.870421746280044, 3705528.085350052453578 ], [ 2801092.227286660578102, 3705963.649359764065593 ], [ 2801308.37634193431586, 3705637.223112597130239 ], [ 2801648.735685034655035, 3705782.236495022661984 ], [ 2801927.090071762911975, 3706471.504777421243489 ], [ 2802947.310940985102206, 3706725.688666244037449 ], [ 2803070.886707715224475, 3707161.543740883469582 ], [ 2802727.132120145484805, 3707195.188287897966802 ], [ 2802360.022703407332301, 3707669.200835126917809 ], [ 2802298.028878984507173, 3708104.841400407254696 ], [ 2801927.090071762911975, 3708540.510615329258144 ], [ 2801988.883521102368832, 3708794.489398629404604 ], [ 2801587.153742727823555, 3709810.941047609318048 ], [ 2801741.520480610895902, 3709919.8819525744766 ], [ 2801710.729509457480162, 3710355.354728071950376 ], [ 2801463.166093882638961, 3710500.685683852992952 ], [ 2800813.872899932321161, 3711989.22550052171573 ], [ 2800226.373155321925879, 3712606.519463481847197 ], [ 2800287.943965679965913, 3712933.394036678597331 ], [ 2800102.585881559643894, 3713115.148778036236763 ], [ 2799886.22531925374642, 3713042.101451223250479 ], [ 2800072.006417438853532, 3713695.608256712555885 ], [ 2799917.005158458370715, 3714095.3169149258174 ], [ 2800072.006417438853532, 3714095.3169149258174 ], [ 2800256.941487493924797, 3714458.628509511239827 ], [ 2799855.222841067705303, 3714749.141785225830972 ], [ 2800009.578447001986206, 3714930.675249694380909 ], [ 2799886.22531925374642, 3715184.787428992800415 ], [ 2799267.723096457310021, 3715693.276142613962293 ], [ 2799391.510370219592005, 3715983.818914613686502 ], [ 2799174.938300881069154, 3716746.472786539234221 ], [ 2799607.859800576698035, 3717727.44368387106806 ], [ 2799515.075005, 3718126.774878220167011 ], [ 2799669.65324991568923, 3718235.777207037899643 ], [ 2799700.655728101730347, 3719107.844115586020052 ], [ 2799576.868454339448363, 3719725.264157770201564 ], [ 2797630.057539600878954, 3719623.232766077388078 ], [ 2796101.741118551697582, 3716673.900535429827869 ], [ 2794387.643599316477776, 3715154.611656734719872 ], [ 2793019.204230943694711, 3713479.686070106457919 ], [ 2792353.569335745181888, 3712242.766464871820062 ], [ 2791728.265492061618716, 3710406.455612772144377 ], [ 2790915.911507997661829, 3705301.33432786911726 ], [ 2789949.624932064674795, 3703314.343911446165293 ], [ 2778937.16619415441528, 3695271.26196220330894 ], [ 2776183.311235063709319, 3692495.092642830684781 ], [ 2767526.606693270150572, 3685577.80554430745542 ], [ 2767272.876177905127406, 3684293.227181050926447 ], [ 2767554.636941051576287, 3681142.782282116357237 ], [ 2768203.495988987386227, 3677380.076533861923963 ], [ 2769755.378746238537133, 3674870.42301370901987 ], [ 2770400.219160556793213, 3672281.260772699955851 ], [ 2770537.798919227905571, 3666838.553307532332838 ], [ 2769517.789557038340718, 3657802.929277513176203 ], [ 2769376.803421948570758, 3654466.711635190062225 ], [ 2769969.835745251737535, 3650169.155121414456517 ], [ 2772312.621220690663904, 3644562.902817483525723 ], [ 2773945.19947681715712, 3641355.686201351694763 ], [ 2776846.831059936899692, 3632630.002104166895151 ], [ 2777571.710188135504723, 3628222.904612187296152 ], [ 2778868.5933878258802, 3624576.57025082828477 ], [ 2780822.829312599729747, 3621462.379197432193905 ], [ 2781925.003590944688767, 3617380.127534625120461 ], [ 2781885.941581625025719, 3614810.652455412782729 ], [ 2785021.555602442938834, 3603948.920463536400348 ], [ 2784763.583814478479326, 3602272.989025582559407 ], [ 2782128.629203503485769, 3595515.176880195271224 ], [ 2781788.058353370521218, 3592551.454631404951215 ], [ 2780607.103271392174065, 3586653.522052499931306 ], [ 2777986.58679837314412, 3580728.260503717698157 ], [ 2777336.65908332541585, 3577981.845761415082961 ], [ 2777435.61097869137302, 3575805.87272673798725 ], [ 2777176.78203064808622, 3573833.169704067986459 ], [ 2774808.927405882626772, 3565545.3406199705787 ], [ 2770763.287679779343307, 3561324.170078479684889 ], [ 2769103.970481963362545, 3558696.247915842104703 ], [ 2767192.614825042895973, 3554417.799742138013244 ], [ 2764552.572913338895887, 3551060.910036605317146 ], [ 2758840.602861499879509, 3546213.582490681670606 ], [ 2757332.034518116619438, 3540585.686053133569658 ], [ 2756230.483628920745105, 3537631.932717112824321 ], [ 2753434.805937138386071, 3532602.500486624892801 ], [ 2750635.298854873050004, 3526949.203563217073679 ], [ 2749379.815373808145523, 3522696.954601144883782 ], [ 2755527.478780663572252, 3515861.951989266090095 ], [ 2762189.182200153823942, 3493131.349340753164142 ], [ 2762962.040028884541243, 3488928.077300041448325 ], [ 2762560.321382458787411, 3479818.165526896249503 ], [ 2762883.693371264263988, 3476457.171916437335312 ], [ 2767078.601402572356164, 3467012.618586811702698 ], [ 2771388.168509398121387, 3456252.690725051332265 ], [ 2771602.614376462064683, 3455186.751216540578753 ], [ 2771303.44324495550245, 3453368.930456000845879 ], [ 2769055.769142449833453, 3450581.758398129139096 ], [ 2767148.665890078060329, 3445623.767104330938309 ], [ 2767445.287805245723575, 3443820.712482480797917 ], [ 2769967.498035944998264, 3437023.210330876987427 ], [ 2771810.058247555512935, 3434322.953413652256131 ], [ 2772994.62008103588596, 3430570.555183726828545 ], [ 2778203.15886771120131, 3419730.534826988819987 ], [ 2781722.023631431628019, 3409798.618162696715444 ], [ 2782924.41884733736515, 3407524.273275625891984 ], [ 2782987.058324806857854, 3204936.681543664541095 ], [ 3045800.275659076403826, 3208158.383067386224866 ], [ 3098117.174670834559947, 3322138.419296476058662 ], [ 3201712.072414574213326, 3344057.48242736235261 ], [ 3296514.366782159544528, 3440606.443800159264356 ], [ 3377192.588873232714832, 3487781.79137424333021 ], [ 3298704.922853938769549, 3537372.333306295331568 ], [ 3297859.662828396074474, 3601625.847183878999203 ], [ 3285046.477743516676128, 3600126.37263600807637 ], [ 3280798.069564932957292, 3605886.830299794208258 ], [ 3272343.921968586742878, 3614561.329441192559898 ], [ 3270485.443069792818278, 3618742.12570540420711 ], [ 3266809.662351849954575, 3616904.379795954562724 ], [ 3266469.525647731032223, 3616976.378290970344096 ], [ 3265665.442701832856983, 3616472.203036530409008 ], [ 3263871.940989815630019, 3615787.477281680330634 ], [ 3261150.780565169639885, 3615103.022672827821225 ], [ 3259109.904680712148547, 3614274.418344386853278 ], [ 3258924.546596591826528, 3614346.647994748316705 ], [ 3257718.544629184994847, 3613914.300794836133718 ], [ 3254533.460226658266038, 3612473.442161518149078 ], [ 3252121.656666927970946, 3611789.429212238173932 ], [ 3251967.078422012738883, 3611573.291687687393278 ], [ 3248596.42442833352834, 3610889.328219866380095 ], [ 3244174.535955297295004, 3609628.819160316605121 ], [ 3236629.568036107812077, 3609340.777390150818974 ], [ 3235361.772619361057878, 3609448.819818366318941 ], [ 3234712.479425410740077, 3609736.864088516216725 ], [ 3233166.329621936194599, 3609808.808142117224634 ], [ 3230847.321989730931818, 3610456.867808958515525 ], [ 3230723.534715968649834, 3610276.856492451857775 ], [ 3231251.589852495584637, 3610069.663915806915611 ], [ 3231218.24966500280425, 3609808.808142117224634 ], [ 3230445.169197291135788, 3609701.008883002679795 ], [ 3229388.012521022930741, 3610456.867808958515525 ], [ 3228992.026828373782337, 3610529.062334291171283 ], [ 3228713.66130969626829, 3610240.99973142426461 ], [ 3228126.373072117567062, 3610096.860742607153952 ], [ 3227724.01990459440276, 3610529.062334291171283 ], [ 3227229.516462592873722, 3610420.764221547637135 ], [ 3226858.577655372209847, 3610852.730745222885162 ], [ 3225683.355527169071138, 3611033.489351154770702 ], [ 3225095.644275525584817, 3611645.259322982747108 ], [ 3225312.427851896267384, 3611825.523805691860616 ], [ 3225466.783457830548286, 3611429.383595067076385 ], [ 3226023.291856203693897, 3611213.252324412576854 ], [ 3226054.294334389735013, 3611537.197825924027711 ], [ 3225528.365400137379766, 3611717.460743062663823 ], [ 3225312.427851896267384, 3612077.514696574769914 ], [ 3225373.998662254307419, 3612149.485248478129506 ], [ 3225497.785936016589403, 3612077.514696574769914 ] ], [ [ 3224835.969299352262169, 3612271.891893856693059 ], [ 3224462.280900708399713, 3612278.569126077927649 ], [ 3224807.5160375055857, 3612539.217362128663808 ], [ 3224835.969299352262169, 3612271.891893856693059 ] ], [ [ 3224849.984423242975026, 3613071.681257035117596 ], [ 3224559.095461851451546, 3612924.52725286828354 ], [ 3224620.243258144240826, 3613209.189942500088364 ], [ 3224849.984423242975026, 3613071.681257035117596 ] ] ] ] } },
{ "type": "Feature", "properties": { "gid": 10, "gm_layer": "Governorate", "gm_type": "Unknown Area Type", "id_0": 69, "iso": "EGY", "name_0": "Egypt", "id_1": 19, "name": "Bani Suwayf", "hasc_1": "EG.BN", "ccn_1": 0, "cca_1": null, "type_1": "Muhafazah", "type": "Governorate", "nl_name_1": "?????? ??? ????", "varname_1": "Beni Suwayf|Beni Souef|Beni Suef", "name_1": null, "engtype_1": null, "perimeter": null, "enclosed_a": null, "length": null, "width": null, "island_are": null, "layer": null, "shape_leng": null, "shape_area": null, "population_sum": 3353995.0 }, "geometry": { "type": "MultiPolygon", "coordinates": [ [ [ [ 3474667.430443833116442, 3403693.711598894558847 ], [ 3474611.369948269799352, 3407001.557384142186493 ], [ 3475535.622284479439259, 3408690.233511045109481 ], [ 3474709.887697622179985, 3419623.120801059994847 ], [ 3476949.914151109755039, 3423840.659033867530525 ], [ 3476311.463475563097745, 3426615.745705254841596 ], [ 3473359.081336591392756, 3426893.824911612085998 ], [ 3470770.836383953224868, 3430757.062255241442472 ], [ 3464949.940210373140872, 3429448.220593499019742 ], [ 3458465.112329803407192, 3420169.241763130296022 ], [ 3452435.503242935054004, 3408423.005684675183147 ], [ 3450289.742134251166135, 3406410.493885638192296 ], [ 3450319.898584306705743, 3405953.52212237752974 ], [ 3451374.517176183871925, 3403141.226955075748265 ], [ 3448952.950897111091763, 3403340.963605232071131 ], [ 3447774.333524438552558, 3400751.779168639332056 ], [ 3445354.670808658469468, 3401874.092746815644205 ], [ 3440361.000903111882508, 3401804.524000491015613 ], [ 3436385.002650448586792, 3392370.89675590954721 ], [ 3430499.986450171098113, 3386191.024677803274244 ], [ 3395930.063674741890281, 3374639.091322671622038 ], [ 3381659.483816395513713, 3371000.370054714381695 ], [ 3372788.33340753801167, 3371523.115901877172291 ], [ 3372403.390608375426382, 3379114.119226327631623 ], [ 3351816.342467335984111, 3380675.823469191789627 ], [ 3323612.14684927649796, 3387274.16695293225348 ], [ 3314352.224250772036612, 3347551.429568405263126 ], [ 3421674.699671520851552, 3346131.224229226820171 ], [ 3426294.458539440762252, 3345437.756742950063199 ], [ 3427942.532468686345965, 3343250.56468405155465 ], [ 3428237.451195645146072, 3344668.048792186658829 ], [ 3429963.649143529124558, 3345376.727042485028505 ], [ 3430015.245727511588484, 3343331.683396100532264 ], [ 3432423.865549805574119, 3343705.364058328792453 ], [ 3433372.953264411073178, 3341452.825074255466461 ], [ 3435503.853221074212343, 3339699.399669813457876 ], [ 3438037.952373390551656, 3340035.443292041309178 ], [ 3438367.268823003862053, 3338585.048300097696483 ], [ 3439904.290428234264255, 3338542.682073764037341 ], [ 3439920.420622450299561, 3338696.155576523393393 ], [ 3454519.470902279485017, 3337357.256757118739188 ], [ 3462953.02439282881096, 3325916.102852292358875 ], [ 3469290.287156402599066, 3311062.780654760543257 ], [ 3476129.277996931225061, 3299512.106973554007709 ], [ 3490671.855899080634117, 3290598.437541123945266 ], [ 3512736.035759303253144, 3282616.825063603464514 ], [ 3530183.640489042270929, 3280225.36409566225484 ], [ 3549504.373762561939657, 3286757.148891747463495 ], [ 3535089.201017625164241, 3320247.558023308869451 ], [ 3538176.190684863831848, 3328803.647018774412572 ], [ 3536186.711009304970503, 3336453.920567792374641 ], [ 3539508.106128307525069, 3346585.62714978447184 ], [ 3548263.75143351778388, 3363808.660445851739496 ], [ 3543811.083121278323233, 3374841.296040316578001 ], [ 3502930.013134814333171, 3387195.694762352388352 ], [ 3473979.921268694102764, 3400678.811589833348989 ], [ 3473418.314437642227858, 3401471.759681067895144 ], [ 3474667.430443833116442, 3403693.711598894558847 ] ] ] ] } },
{ "type": "Feature", "properties": { "gid": 11, "gm_layer": "Governorate", "gm_type": "Unknown Area Type", "id_0": 69, "iso": "EGY", "name_0": "Egypt", "id_1": 15, "name": "As Suways", "hasc_1": "EG.SW", "ccn_1": 0, "cca_1": null, "type_1": "Muhafazah", "type": "Governorate", "nl_name_1": "?????? ??????", "varname_1": "El Suweiz|Es Suweis|Suez", "name_1": null, "engtype_1": null, "perimeter": null, "enclosed_a": null, "length": null, "width": null, "island_are": null, "layer": null, "shape_leng": null, "shape_area": null, "population_sum": 713716.0 }, "geometry": { "type": "MultiPolygon", "coordinates": [ [ [ [ 3632520.29402834456414, 3484589.337344591505826 ], [ 3632567.426700746640563, 3483794.707482658792287 ], [ 3632472.727209928445518, 3483405.002237279433757 ], [ 3631516.414860371034592, 3482098.892655342351645 ], [ 3633603.154375036712736, 3483027.551950299181044 ], [ 3650309.738650410901755, 3494727.93249219795689 ], [ 3657393.754822124261409, 3496222.043907274026424 ], [ 3654919.311784924473614, 3511093.813647628296167 ], [ 3654199.954103469382972, 3522927.275037046056241 ], [ 3650735.235140070784837, 3535160.592640409246087 ], [ 3625373.003858064766973, 3540298.000284148845822 ], [ 3617603.181699420791119, 3535459.965559357311577 ], [ 3614762.697912594303489, 3533014.108477744739503 ], [ 3612182.523623038083315, 3534278.751665322110057 ], [ 3610978.213711891323328, 3533675.662224235478789 ], [ 3605524.003940984606743, 3534657.246639075689018 ], [ 3597560.964542170520872, 3536559.415092954877764 ], [ 3585453.767667902167886, 3535488.225429595448077 ], [ 3544389.031653578858823, 3538491.141382512170821 ], [ 3551046.70530750323087, 3509614.137788923457265 ], [ 3551867.341461681760848, 3486927.718896122649312 ], [ 3550348.9992670067586, 3469366.132504920940846 ], [ 3543811.083121278323233, 3374841.296040316578001 ], [ 3558203.112544079311192, 3372640.005182391963899 ], [ 3579952.425224592909217, 3375490.66807938599959 ], [ 3604178.719026696868241, 3383989.284207404125482 ], [ 3608330.52415116969496, 3384180.947290372103453 ], [ 3618811.732883166987449, 3391126.65876774629578 ], [ 3634071.119250433053821, 3397008.794678603764623 ], [ 3634349.262130129616708, 3397318.829077216796577 ], [ 3634287.691319771111012, 3397672.880796336568892 ], [ 3634534.831721281632781, 3397743.651492268312722 ], [ 3634318.682666008360684, 3397885.410771468654275 ], [ 3634380.26460831426084, 3398097.714706794824451 ], [ 3633823.967716973740608, 3398203.982713316567242 ], [ 3633792.965238787699491, 3398523.034161570481956 ], [ 3633483.81988090602681, 3398593.796706301625818 ], [ 3633668.966457992326468, 3399443.767656404525042 ], [ 3633359.82110011158511, 3400010.696422548033297 ], [ 3633205.25398714421317, 3400754.214828852564096 ], [ 3632555.960793194361031, 3401391.978102344553918 ], [ 3632123.239668583963066, 3401498.272880635224283 ], [ 3632123.239668583963066, 3402065.03567065205425 ], [ 3632463.387504651211202, 3401604.810829823836684 ], [ 3632679.536559924483299, 3401852.195449792779982 ], [ 3632277.817913499195129, 3402596.316003234591335 ], [ 3632277.817913499195129, 3403021.539482760243118 ], [ 3632030.243365974165499, 3403127.847514627501369 ], [ 3632215.812957127112895, 3403446.789554356131703 ], [ 3631783.102964464109391, 3404049.160498027224094 ], [ 3632123.239668583963066, 3404474.188902890775353 ], [ 3632092.248322346247733, 3404899.473504964262247 ], [ 3632215.812957127112895, 3405005.809575382154435 ], [ 3631968.249541551340371, 3405360.069541980046779 ], [ 3632339.388723856769502, 3405430.869110216386616 ], [ 3632524.958315008319914, 3405962.515968463849276 ], [ 3632061.245844160206616, 3406600.291130170226097 ], [ 3631999.252019737381488, 3407379.972508663777262 ], [ 3631783.102964464109391, 3407451.025445582810789 ], [ 3631813.671296636108309, 3407663.472078783903271 ], [ 3631473.534592517185956, 3407592.660403138026595 ], [ 3631566.530895126517862, 3407769.817902538925409 ], [ 3631040.813467905856669, 3408088.873332051560283 ], [ 3630886.235222989693284, 3408443.216966293286532 ], [ 3630917.237701175734401, 3409152.175547051709145 ], [ 3631195.380580872297287, 3409222.995685143396258 ], [ 3631164.389234635047615, 3409648.435019784606993 ], [ 3630917.237701175734401, 3409861.172650675754994 ], [ 3630948.240179361775517, 3410179.781528216321021 ], [ 3629772.806544127408415, 3411030.991728217806667 ], [ 3629680.233255582395941, 3412129.836931813508272 ], [ 3630143.945726431440562, 3412448.986254202667624 ], [ 3630236.953160989098251, 3412732.608771041501313 ], [ 3629739.677863666787744, 3413155.724637097679079 ], [ 3629216.50965278595686, 3414257.429672458209097 ], [ 3629340.085419515147805, 3414505.539325919933617 ], [ 3629154.515828362200409, 3415108.421045748051256 ], [ 3629278.091595092788339, 3415605.162620969582349 ], [ 3628690.792225565761328, 3417910.133100185543299 ], [ 3628319.653043260797858, 3418548.492971842642874 ], [ 3628443.228809989988804, 3419187.114010751713067 ], [ 3628018.155334395356476, 3419866.696884011849761 ], [ 3627391.793955550063401, 3420251.07950977422297 ], [ 3627021.077787309885025, 3420925.366527340840548 ], [ 3626835.497064207680523, 3421989.474177416879684 ], [ 3626495.360360089689493, 3422096.179678006097674 ], [ 3626371.361579295247793, 3421812.353153578471392 ], [ 3626371.361579295247793, 3422060.606822879053652 ], [ 3626031.213743226602674, 3422344.438764540944248 ], [ 3625907.637976496946067, 3422841.213856000918895 ], [ 3626186.21500220708549, 3423302.67438299767673 ], [ 3625536.498794191982597, 3423870.385908867698163 ], [ 3625227.353436310775578, 3424686.426029752008617 ], [ 3624609.062720546498895, 3424828.491257540415972 ], [ 3624547.057764175347984, 3425041.464251290541142 ], [ 3623805.202413630206138, 3425609.251719520892948 ], [ 3623650.624168714974076, 3425999.655928825959563 ], [ 3623333.83116181474179, 3426283.573883475270122 ], [ 3622784.758905425667763, 3426425.656571440864354 ], [ 3622599.189314274117351, 3426887.001594680827111 ], [ 3621516.751981647219509, 3427561.13450995227322 ], [ 3621084.041988984216005, 3428200.211133605334908 ], [ 3619723.461776662152261, 3428697.21011422155425 ], [ 3619568.883531746920198, 3429194.458156595472246 ], [ 3618548.45115549210459, 3429478.445952410344034 ], [ 3617868.166615305002779, 3430401.369309253524989 ], [ 3618022.733728271443397, 3430720.737134375143796 ], [ 3617991.73125008540228, 3431573.036641666665673 ], [ 3617218.450407290365547, 3432070.16476877592504 ], [ 3616600.159691526554525, 3432107.477948860730976 ], [ 3616383.587622187100351, 3432425.162031406071037 ], [ 3615950.866497576702386, 3432318.614535338245332 ], [ 3615703.291950051672757, 3432495.878861008677632 ], [ 3615301.573303626850247, 3433241.982796840835363 ], [ 3615425.149070356506854, 3433667.978248753584921 ], [ 3615116.003712473902851, 3433810.141779589932412 ], [ 3614713.862051983363926, 3434449.513397178146988 ], [ 3613971.995569489430636, 3434839.940637837629765 ], [ 3613384.284317845944315, 3435621.303483475930989 ], [ 3612487.416576372459531, 3436047.863003775943071 ], [ 3612209.273696675896645, 3437077.596656254958361 ], [ 3611714.558747641276568, 3437859.107192235533148 ], [ 3610322.976057133637369, 3438320.858945159241557 ], [ 3610137.406465981155634, 3438640.652077331207693 ], [ 3608436.67841759044677, 3439955.295164971146733 ], [ 3606612.385734419338405, 3440807.971772950608283 ], [ 3606179.241595743224025, 3441305.211172852199525 ], [ 3606148.673263571225107, 3441767.328863126691431 ], [ 3605963.092540469020605, 3441980.580152975395322 ], [ 3605313.810478468891233, 3442229.219986035488546 ], [ 3604695.08561669010669, 3442762.143542245496064 ], [ 3604571.520981909707189, 3443330.950461258180439 ], [ 3603737.081210872624069, 3443966.160531627479941 ], [ 3603736.658196808304638, 3444717.083848640788347 ], [ 3603272.934594010468572, 3445534.680080473888665 ], [ 3602901.795411705039442, 3445819.026202382985502 ], [ 3602716.225820553489029, 3446423.364051780197769 ], [ 3602468.651273027993739, 3446565.424528759904206 ], [ 3602530.64509745221585, 3447809.585754930973053 ], [ 3601912.354381687007844, 3448591.744639379438013 ], [ 3601201.067363314796239, 3450049.498125008307397 ], [ 3600984.495293976273388, 3450014.091689928434789 ], [ 3600366.204578212462366, 3450902.827682306524366 ], [ 3600366.204578212462366, 3451507.160071558784693 ], [ 3600582.353633485734463, 3451720.828107914421707 ], [ 3600821.857517927885056, 3452828.48917926941067 ], [ 3602407.080462670885026, 3455064.380500808823854 ], [ 3602407.080462670885026, 3455313.028869768138975 ], [ 3602963.366222062613815, 3456273.450501066632569 ], [ 3602839.790455333422869, 3457767.742664652410895 ], [ 3603643.661894198507071, 3457803.41373274102807 ], [ 3602839.790455333422869, 3457874.499997509643435 ], [ 3602716.225820553489029, 3458159.117957130074501 ], [ 3601726.784790534991771, 3457838.828732782974839 ], [ 3601572.217677568551153, 3458052.358267916366458 ], [ 3601602.786009740550071, 3458514.831994220148772 ], [ 3601262.638173672836274, 3459084.333040146622807 ], [ 3601293.640651857946068, 3459368.977708884514868 ], [ 3601417.639432652387768, 3459368.977708884514868 ], [ 3601819.358079078607261, 3458621.595512750092894 ], [ 3602468.651273027993739, 3458443.972760118544102 ], [ 3602716.225820553489029, 3458621.595512750092894 ], [ 3603489.083649282809347, 3458657.268943047616631 ], [ 3602685.223342367447913, 3458728.60329054063186 ], [ 3602623.218385995365679, 3459475.748301274608821 ], [ 3602808.799109096638858, 3459617.939665466081351 ], [ 3602716.225820553489029, 3460080.482370431534946 ], [ 3602870.792933519463986, 3460080.482370431534946 ], [ 3602901.795411705039442, 3460436.492838150821626 ], [ 3602716.225820553489029, 3460543.272274174727499 ], [ 3602870.792933519463986, 3460721.154559030197561 ], [ 3602716.225820553489029, 3460899.052110742311925 ], [ 3602808.799109096638858, 3461076.939306904561818 ], [ 3602592.6500538229011, 3461219.404572363942862 ], [ 3602376.07798448484391, 3462251.645786888431758 ], [ 3602561.647575638256967, 3462394.111230127513409 ], [ 3602716.225820553489029, 3462180.279123277403414 ], [ 3602901.795411705039442, 3462642.901006434578449 ], [ 3602685.223342367447913, 3462820.82509657740593 ], [ 3603025.371178434696048, 3462785.383590357378125 ], [ 3602994.368700248654932, 3463390.273023105692118 ], [ 3603148.935813216026872, 3463675.256304502021521 ], [ 3604045.803554689511657, 3464849.700006248895079 ], [ 3604757.090573062188923, 3465490.609470582101494 ], [ 3604911.657686028629541, 3466060.188309751451015 ], [ 3605437.375113249290735, 3466808.232977393548936 ], [ 3605808.525427503045648, 3468410.1053472221829 ], [ 3607138.103161639068276, 3470368.706077707465738 ], [ 3607756.393877404276282, 3471579.701049017719924 ], [ 3608189.538016079925001, 3471978.343637140933424 ], [ 3608962.395844810642302, 3473787.79021065030247 ], [ 3610848.693484353832901, 3475783.162555150687695 ], [ 3611250.835144844837487, 3476495.575661894865334 ], [ 3612827.564412440173328, 3477849.810847076587379 ], [ 3614435.719172287732363, 3478812.172794153913856 ], [ 3615301.573303626850247, 3479952.267926690168679 ], [ 3616297.804822582751513, 3480735.650518105830997 ], [ 3616476.583924797363579, 3481841.410629647318274 ], [ 3617002.301352016627789, 3482447.197776067536324 ], [ 3617002.301352016627789, 3482661.123561983462423 ], [ 3617620.592067781370133, 3483160.224889283999801 ], [ 3617620.592067781370133, 3483516.875242525711656 ], [ 3617960.739903848618269, 3483802.048660108819604 ], [ 3618857.59651337377727, 3485513.273793847765774 ], [ 3618795.602688951417804, 3486048.235771195497364 ], [ 3617837.164137118961662, 3485656.010287689045072 ], [ 3617404.019998441915959, 3485728.726927749346942 ], [ 3617187.870943169575185, 3486083.484794282820076 ], [ 3616785.729282678104937, 3486297.971927757840604 ], [ 3616445.581446611322463, 3486262.22168330475688 ], [ 3616136.43608872871846, 3485941.231319317128509 ], [ 3615487.154026728123426, 3486012.730116212740541 ], [ 3615054.009888051077724, 3486582.96335147228092 ], [ 3615208.57700101705268, 3487046.708954261615872 ], [ 3615116.003712473902851, 3487438.733110633678734 ], [ 3615641.721139694098383, 3487224.971455500926822 ], [ 3615734.294428237713873, 3487474.486639536451548 ], [ 3615394.146592170465738, 3487617.488915423862636 ], [ 3615363.155245933216065, 3487938.02060131309554 ], [ 3614899.431643135845661, 3488473.071042004972696 ], [ 3614652.291241625323892, 3489079.415819387882948 ], [ 3614312.143405557610095, 3489008.156685618683696 ], [ 3614033.577511796727777, 3489257.706626136787236 ], [ 3613693.429675728548318, 3489221.948116741143167 ], [ 3613353.281839660834521, 3489721.305163613986224 ], [ 3613446.278142269235104, 3490113.655206004157662 ], [ 3613724.432153914589435, 3490149.403366379905492 ], [ 3614033.577511796727777, 3490470.499258085619658 ], [ 3614002.57503361068666, 3490827.109277876093984 ], [ 3614250.149581135250628, 3490720.077716022729874 ], [ 3614064.568858033046126, 3491148.453326096292585 ], [ 3614064.568858033046126, 3491433.809600384905934 ], [ 3614281.140927371568978, 3491683.150008542463183 ], [ 3614219.147102949209511, 3492111.326703343074769 ], [ 3614682.85957379732281, 3492360.937174986582249 ], [ 3614497.289982644841075, 3492432.214983998332173 ], [ 3614559.283807067200541, 3492860.172733326908201 ], [ 3615085.001234287861735, 3493538.253474666271359 ], [ 3615146.583176594693214, 3494537.812243722844869 ], [ 3615487.154026728123426, 3494573.08466047141701 ], [ 3615579.727315271738917, 3494822.743193745613098 ], [ 3615857.87019496737048, 3494787.226028349250555 ], [ 3615301.573303626850247, 3495251.02503661159426 ], [ 3615579.727315271738917, 3495750.61754315905273 ], [ 3617063.872162374667823, 3496678.302322915755212 ], [ 3617960.739903848618269, 3496821.163438863120973 ], [ 3618053.31319239269942, 3496999.79347008606419 ], [ 3619599.462995867710561, 3497641.836426799651235 ], [ 3620372.754970612004399, 3497677.605642427690327 ], [ 3620960.043208189774305, 3497534.747797068208456 ], [ 3621424.17869310406968, 3497035.329632888548076 ], [ 3621918.904774087015539, 3496036.063699139747769 ], [ 3622320.623420513235033, 3495893.2113605462946 ], [ 3621516.751981647219509, 3497142.169971478171647 ], [ 3621671.330226563382894, 3497249.255310339853168 ], [ 3621671.330226563382894, 3497641.836426799651235 ], [ 3622753.767559189349413, 3497713.143690766766667 ], [ 3623310.476332646328956, 3498034.416760213207453 ], [ 3624083.345293325837702, 3498141.278303917031735 ], [ 3624145.339117749128491, 3498605.68734740652144 ], [ 3625041.783845157828182, 3497677.605642427690327 ], [ 3625320.349738919176161, 3497035.329632888548076 ], [ 3624918.208078428171575, 3496535.686897445004433 ], [ 3623990.772004782222211, 3495928.988527473527938 ], [ 3624145.339117749128491, 3495607.768395294435322 ], [ 3624392.490651207976043, 3495750.61754315905273 ], [ 3624392.490651207976043, 3495500.696812049020082 ], [ 3625072.775191394612193, 3495679.064308175351471 ], [ 3624083.345293325837702, 3495179.474598576780409 ], [ 3624083.345293325837702, 3494822.743193745613098 ], [ 3624299.917362664360553, 3494822.743193745613098 ], [ 3624330.908708901144564, 3495251.02503661159426 ], [ 3624485.486953816376626, 3495001.114074394572526 ], [ 3624918.208078428171575, 3495143.956441927235574 ], [ 3625010.781366971787065, 3494680.161318567581475 ], [ 3624485.486953816376626, 3494037.53499977523461 ], [ 3625258.344782547559589, 3493716.606434310320765 ], [ 3624640.054066783748567, 3493324.389901022426784 ], [ 3624454.48447563033551, 3492931.697349132038653 ], [ 3624701.636009090580046, 3492753.368179915007204 ], [ 3625041.783845157828182, 3492789.123717521317303 ], [ 3625629.49509680038318, 3491647.885562215000391 ], [ 3625753.070863531436771, 3491825.955315375234932 ], [ 3625629.49509680038318, 3492040.050682545639575 ], [ 3626247.785812565125525, 3492182.603121324907988 ], [ 3626124.210045835468918, 3492824.89219837449491 ], [ 3626247.785812565125525, 3492967.466228758916259 ], [ 3627330.223145192023367, 3492432.214983998332173 ], [ 3627886.931918648537248, 3491576.355283216573298 ], [ 3628134.083452107850462, 3490363.958629888016731 ], [ 3628443.228809989988804, 3490577.284752797801048 ], [ 3629713.350804094225168, 3489832.488620101939887 ], [ 3631009.810989719815552, 3488437.327563297469169 ], [ 3631752.100486278999597, 3487260.711549861822277 ], [ 3632061.245844160206616, 3487367.483108365908265 ], [ 3632617.965749566443264, 3486903.956961710937321 ], [ 3632834.103672890923917, 3486475.967269193381071 ], [ 3632834.103672890923917, 3486012.730116212740541 ], [ 3632679.536559924483299, 3485228.793922835495323 ], [ 3632246.815435313154012, 3484550.65265722759068 ], [ 3632493.966968772001565, 3483802.048660108819604 ], [ 3632522.420230619143695, 3484677.950618728064001 ], [ 3632849.821984990965575, 3485605.333515879698098 ], [ 3632520.29402834456414, 3484589.337344591505826 ] ] ] ] } },
{ "type": "Feature", "properties": { "gid": 12, "gm_layer": "Governorate", "gm_type": "Unknown Area Type", "id_0": 69, "iso": "EGY", "name_0": "Egypt", "id_1": 26, "name": "Shamal Sina'", "hasc_1": "EG.SS", "ccn_1": 0, "cca_1": null, "type_1": "Muhafazah", "type": "Governorate", "nl_name_1": "?????? ???? ?????", "varname_1": "Shamal Sina|Nord Sinaï|North Sinai|Sina ash-Shamaliyah|Sinai ash Shamaliya", "name_1": "Shamal Sina'", "engtype_1": "Governorate", "perimeter": "759.58 km", "enclosed_a": "27158 sq km", "length": null, "width": null, "island_are": null, "layer": null, "shape_leng": null, "shape_area": null, "population_sum": 496177.0 }, "geometry": { "type": "MultiPolygon", "coordinates": [ [ [ [ 3880990.317800424061716, 3450995.126497332472354 ], [ 3882037.500250316224992, 3454493.097744985017926 ], [ 3882558.130376807413995, 3457990.787724856287241 ], [ 3882057.0368209509179, 3460399.597449844237417 ], [ 3880061.178538569249213, 3463892.534665797837079 ], [ 3880138.04464696161449, 3470067.677079888060689 ], [ 3868751.89751040795818, 3502188.965975690167397 ], [ 3868981.638675507158041, 3504135.57825059723109 ], [ 3855786.906035933177918, 3541403.285135205369443 ], [ 3853518.003306533675641, 3549969.293661253061146 ], [ 3845749.873204150702804, 3555080.475022950675339 ], [ 3845467.477919905912131, 3559045.432716364506632 ], [ 3847768.663301635999233, 3565570.709921434056014 ], [ 3842936.996651040390134, 3571263.033788765780628 ], [ 3843259.299972734414041, 3578318.003035116940737 ], [ 3840037.903152311686426, 3591794.958437616936862 ], [ 3830235.286904240958393, 3612494.213239929638803 ], [ 3823882.094321534968913, 3631187.462796422187239 ], [ 3815375.069967061746866, 3659560.367712212260813 ], [ 3810357.833725314121693, 3676241.763574746437371 ], [ 3806400.091869140975177, 3672585.678034139797091 ], [ 3805565.229084039106965, 3672115.511907540727407 ], [ 3803957.085456140805036, 3670631.571680376771837 ], [ 3800493.635534937493503, 3668171.252660304773599 ], [ 3796690.471923679113388, 3665675.147951317485422 ], [ 3791371.726841118652374, 3662564.744750401005149 ], [ 3786826.273733302019536, 3660178.51105404086411 ], [ 3784877.971137387212366, 3659346.88229873823002 ], [ 3784754.406502607278526, 3658985.203273407183588 ], [ 3784383.256188352592289, 3659021.448785199783742 ], [ 3783115.672278638929129, 3658479.065696923062205 ], [ 3782187.813190927729011, 3658370.347285392694175 ], [ 3780734.659690061584115, 3657611.557502175215632 ], [ 3780332.518029570579529, 3657575.329153241589665 ], [ 3780054.375149875413626, 3657250.176684214733541 ], [ 3776127.212757822591811, 3655732.053242344874889 ], [ 3775818.06739994045347, 3655442.937201247084886 ], [ 3774117.339351549744606, 3654973.425955391954631 ], [ 3772107.465945277363062, 3654069.452186384703964 ], [ 3770282.750248041003942, 3653563.763698922470212 ], [ 3770252.170783920679241, 3653419.106680042110384 ], [ 3769324.311696209479123, 3653346.908892906270921 ], [ 3766634.153749749995768, 3652479.761951232329011 ], [ 3766015.863033985719085, 3652732.828519942238927 ], [ 3766139.438800715841353, 3653058.095956181176007 ], [ 3766015.863033985719085, 3653130.044893320649862 ], [ 3765366.146825971547514, 3652082.306382804177701 ], [ 3764747.856110207270831, 3652154.496764723211527 ], [ 3764685.862285783980042, 3652010.11642352771014 ], [ 3764129.565394443459809, 3651973.891531140077859 ], [ 3759491.115984017495066, 3650384.22432587435469 ], [ 3754296.369682251475751, 3649119.925554126035422 ], [ 3754110.800091099925339, 3648903.148871276061982 ], [ 3753492.086361270397902, 3648939.364746773149818 ], [ 3750585.356345472857356, 3648289.042634831275791 ], [ 3749719.914096249267459, 3648252.841671049594879 ], [ 3749441.348202488850802, 3648072.280547317117453 ], [ 3747926.189745250158012, 3648108.493984505534172 ], [ 3747091.326960147824138, 3647891.735068032052368 ], [ 3741185.293640009593219, 3647530.391983678098768 ], [ 3737010.556700433138758, 3647530.391983678098768 ], [ 3733609.534749665297568, 3647747.391604855656624 ], [ 3728507.361736442893744, 3648867.440252145752311 ], [ 3727579.502648731693625, 3649734.073145663365722 ], [ 3727053.785221511032432, 3649986.836284026969224 ], [ 3726621.064096900168806, 3650636.753677930217236 ], [ 3726280.927392780780792, 3650636.753677930217236 ], [ 3727332.362247221637517, 3649481.328190349973738 ], [ 3727827.077196255326271, 3649192.358683954458684 ], [ 3727672.498951340094209, 3649048.000007002148777 ], [ 3726961.211932967882603, 3649553.256263613235205 ], [ 3726218.92243640916422, 3649698.60921139549464 ], [ 3726095.346669679507613, 3650203.384908977430314 ], [ 3725693.205009188503027, 3650781.378058813046664 ], [ 3725507.635418036952615, 3650781.378058813046664 ], [ 3725476.632939850911498, 3651323.409430329222232 ], [ 3725198.490060154348612, 3651287.446683090180159 ], [ 3725012.920469002332538, 3651504.265269811730832 ], [ 3724672.772632933687419, 3651359.632411948405206 ], [ 3725384.059651306830347, 3651070.371784710790962 ], [ 3724920.347180459182709, 3650818.093672886956483 ], [ 3725229.492538340389729, 3650167.425427223555744 ], [ 3725753.083763286005706, 3649914.658588747493923 ], [ 3725724.207487374544144, 3649697.867942130658776 ], [ 3725043.922947188373655, 3649842.728408405091614 ], [ 3724054.481917169876397, 3650499.32307004975155 ], [ 3723868.912326018325984, 3650853.807938660494983 ], [ 3723930.906150440685451, 3651251.471034358721226 ], [ 3723312.192420611623675, 3651395.855499961413443 ], [ 3722972.044584543444216, 3651251.471034358721226 ], [ 3723003.047062729019672, 3651431.81856333091855 ], [ 3723250.621610254514962, 3651504.265269811730832 ], [ 3723281.189942425582558, 3651793.275935833808035 ], [ 3722755.48364715417847, 3652407.556657337583601 ], [ 3722353.753868779633194, 3652696.60150417778641 ], [ 3721951.612208289094269, 3652443.535679047461599 ], [ 3721611.475504170171916, 3652551.954660253133625 ], [ 3722106.190453204326332, 3652840.755739708896726 ], [ 3721951.612208289094269, 3653202.748738722410053 ], [ 3721518.902215626556426, 3653310.680072566028684 ], [ 3721735.040138950571418, 3653456.077314208261669 ], [ 3721642.466850407421589, 3653635.962756195571274 ], [ 3720653.036952337715775, 3653635.962756195571274 ], [ 3720900.177353848237544, 3654033.468418939970434 ], [ 3722415.335811086464673, 3653274.69852012116462 ], [ 3722322.762522542849183, 3653058.095956181176007 ], [ 3722539.334591880906373, 3652805.269862821791321 ], [ 3723034.049540915060788, 3653130.044893320649862 ], [ 3721055.178612828720361, 3654178.132648212835193 ], [ 3720684.039430523756891, 3654647.613593765068799 ], [ 3718797.741790981497616, 3655768.28918157890439 ], [ 3718426.591476726811379, 3655804.265004055574536 ], [ 3718179.028061151970178, 3656057.399846194777638 ], [ 3716138.152176694013178, 3656961.038024488836527 ], [ 3714066.707960063591599, 3657683.793296178802848 ], [ 3713324.418463504873216, 3657756.263751996681094 ], [ 3712274.686797273345292, 3658233.337946644518524 ], [ 3711438.131955910474062, 3658298.367740023415536 ], [ 3708902.541122417431325, 3659057.447126227430999 ], [ 3706057.804931043181568, 3659418.880989260040224 ], [ 3704913.796788058709353, 3660106.026338967494667 ], [ 3704171.518423449248075, 3660323.00017494475469 ], [ 3703985.937700347974896, 3660720.721716140396893 ], [ 3699595.062837447039783, 3661443.697749496437609 ], [ 3698729.197574158199131, 3661913.950450743548572 ], [ 3698574.619329242501408, 3661624.689215361140668 ], [ 3697801.76150051318109, 3661805.449028350878507 ], [ 3697523.19560675136745, 3662058.459949762094766 ], [ 3697183.047770683653653, 3661950.204588588792831 ], [ 3696101.033452122472227, 3662314.704549924470484 ], [ 3694245.738290765322745, 3662420.229304470587522 ], [ 3692575.589706495869905, 3662781.76194553822279 ], [ 3690009.007526766043156, 3662673.252869411371648 ], [ 3689576.286402154713869, 3662818.018640819936991 ], [ 3685649.124010101892054, 3662636.996600799728185 ], [ 3684133.965552863199264, 3662347.718365479260683 ], [ 3682062.098322168458253, 3661552.195981958881021 ], [ 3676619.788604826666415, 3658081.676841193810105 ], [ 3673496.909533755853772, 3656346.530307364650071 ], [ 3673311.33994260430336, 3656021.176068018190563 ], [ 3671548.618069790303707, 3655226.049327485729009 ], [ 3667714.451980346813798, 3653058.095956181176007 ], [ 3666260.875465414952487, 3651684.86362527590245 ], [ 3665642.584749651141465, 3651323.409430329222232 ], [ 3665580.579793279524893, 3650962.460058975033462 ], [ 3665501.309183885809034, 3650732.424076724331826 ], [ 3664931.286599329672754, 3651937.66674517095089 ], [ 3661900.991948751267046, 3649878.439850327558815 ], [ 3659891.118542478885502, 3648722.344165760558099 ], [ 3658406.962563426699489, 3648108.493984505534172 ], [ 3655221.666653867810965, 3646085.853463073261082 ], [ 3652655.507488203234971, 3644713.903782889246941 ], [ 3652562.511185594368726, 3644496.957468832377344 ], [ 3651325.495608052238822, 3644244.059735959861428 ], [ 3650583.640257507562637, 3643702.573120207060128 ], [ 3650460.06449077790603, 3643847.116280423942953 ], [ 3649903.344585371669382, 3643702.573120207060128 ], [ 3648975.485497660934925, 3643161.12323589483276 ], [ 3646563.470430898014456, 3642258.495217317249626 ], [ 3642296.583216842263937, 3641103.359584969002753 ], [ 3636483.123185247182846, 3640201.128733304794878 ], [ 3632865.106151076965034, 3640020.451364687178284 ], [ 3630608.09234329406172, 3640128.514410219620913 ], [ 3628814.367992294952273, 3640453.449928755871952 ], [ 3626742.50076159927994, 3641139.539599286392331 ], [ 3624918.208078428171575, 3642113.97064048377797 ], [ 3623445.09499286301434, 3643197.062315546441823 ], [ 3622015.719335230067372, 3633674.858498291112483 ], [ 3620779.56091776676476, 3633030.793565079104155 ], [ 3628910.770671322010458, 3624195.103660155087709 ], [ 3642983.669377916958183, 3600824.577332561835647 ], [ 3649147.474110936746001, 3579178.750526557210833 ], [ 3664530.848127047996968, 3538355.18398523516953 ], [ 3666051.516899080947042, 3533951.652674665674567 ], [ 3665022.16783161368221, 3528936.702513072174042 ], [ 3652592.233489636331797, 3528605.066141954623163 ], [ 3654199.954103469382972, 3522927.275037046056241 ], [ 3654919.311784924473614, 3511093.813647628296167 ], [ 3657393.754822124261409, 3496222.043907274026424 ], [ 3716200.157133066095412, 3490416.618892193306237 ], [ 3745326.055870995856822, 3484434.612130729947239 ], [ 3767815.954859858378768, 3478881.425201806705445 ], [ 3783834.183931963518262, 3469741.963437438942492 ], [ 3807806.11269760504365, 3458241.938979940488935 ], [ 3841394.242092034779489, 3446314.25713677238673 ], [ 3857872.78839052002877, 3441811.002236549276859 ], [ 3862645.433447095565498, 3441217.126057347282767 ], [ 3882570.442312488798052, 3443973.722134840209037 ], [ 3881964.886546472087502, 3445124.659909939859062 ], [ 3881435.350860718172044, 3447266.702242073137313 ], [ 3880990.317800424061716, 3450995.126497332472354 ] ] ] ] } },
{ "type": "Feature", "properties": { "gid": 13, "gm_layer": "Governorate", "gm_type": "Unknown Area Type", "id_0": 69, "iso": "EGY", "name_0": "Egypt", "id_1": 22, "name": "Janub Sina'", "hasc_1": "EG.JS", "ccn_1": 0, "cca_1": null, "type_1": "Muhafazah", "type": "Governorate", "nl_name_1": "?????? ???? ?????", "varname_1": "Janub Sina|Sina al-Janubiyah|Sina' al-Janubiyah|Sinai al Janubia|South Sinai|Sud Sinai", "name_1": null, "engtype_1": null, "perimeter": null, "enclosed_a": null, "length": null, "width": null, "island_are": null, "layer": null, "shape_leng": null, "shape_area": null, "population_sum": 174367.0 }, "geometry": { "type": "MultiPolygon", "coordinates": [ [ [ [ 3631535.951431004796177, 3482126.05913923215121 ], [ 3629958.376135278958827, 3480522.244429099373519 ], [ 3630267.944507226347923, 3480237.374903205782175 ], [ 3631349.958825787995011, 3480130.431779458187521 ], [ 3632339.388723856769502, 3479203.945182391442358 ], [ 3632463.387504651211202, 3478740.483218649402261 ], [ 3632865.106151076965034, 3478669.268720148131251 ], [ 3633452.828534669242799, 3477029.917850180063397 ], [ 3633947.543483703862876, 3476638.211821077391505 ], [ 3634534.831721281632781, 3475711.977288278751075 ], [ 3635462.690808992367238, 3474892.464483065530658 ], [ 3635864.832469483371824, 3474215.600396183785051 ], [ 3636390.126882638782263, 3472399.259006777312607 ], [ 3636854.27349950093776, 3472327.348769593983889 ], [ 3637039.843090653419495, 3472434.470549990423024 ], [ 3636977.849266231060028, 3472648.485974293202162 ], [ 3637132.416379197034985, 3472648.485974293202162 ], [ 3637874.705875754822046, 3472220.958773359656334 ], [ 3638833.144427587278187, 3470582.187088679056615 ], [ 3638864.13577382452786, 3470154.972199551295489 ], [ 3639142.28978546988219, 3469941.254694670438766 ], [ 3639358.86185480793938, 3469229.204883130267262 ], [ 3639606.00225631846115, 3469193.50215237447992 ], [ 3639730.00103711290285, 3468944.354975388385355 ], [ 3639946.150092386174947, 3466312.958048820961267 ], [ 3638771.139471215195954, 3464209.053111424203962 ], [ 3639080.707843163050711, 3462536.104167836718261 ], [ 3638647.574836435727775, 3461610.884684797376394 ], [ 3638771.139471215195954, 3461254.84177062055096 ], [ 3638616.572358249686658, 3460650.052594956941903 ], [ 3638369.420824789907783, 3460400.814483537804335 ], [ 3638400.423302975483239, 3460045.291801426094025 ], [ 3638152.848755451384932, 3460009.127731055952609 ], [ 3638029.284120671916753, 3459689.048745940905064 ], [ 3638183.851233637426049, 3458941.89137301966548 ], [ 3638585.992894128896296, 3458550.248948265332729 ], [ 3638771.139471215195954, 3456131.296010279562324 ], [ 3639265.865552199073136, 3454531.67931130155921 ], [ 3638956.720194316934794, 3453392.374416893348098 ], [ 3637874.705875754822046, 3452325.442031457554549 ], [ 3637843.703397569712251, 3451863.433325813617557 ], [ 3637998.281642485875636, 3451578.954185774084181 ], [ 3639915.570628265384585, 3451009.541045880876482 ], [ 3640471.86751960683614, 3450582.97450611460954 ], [ 3641090.581249435432255, 3450725.080712780822068 ], [ 3641276.150840587448329, 3450511.928389541339129 ], [ 3641306.730304708704352, 3450191.828876886982471 ], [ 3641554.304852233268321, 3450014.091689928434789 ], [ 3641739.874443385284394, 3449551.679243811871856 ], [ 3641523.302374047227204, 3448449.661893350537866 ], [ 3641925.444034536834806, 3448129.626261381432414 ], [ 3641956.446512722875923, 3447098.513955786824226 ], [ 3642389.156505386345088, 3447063.128401812631637 ], [ 3642512.732272116001695, 3446814.152495145797729 ], [ 3642451.161461757495999, 3446138.761503820773214 ], [ 3643038.449699335731566, 3445783.388221917673945 ], [ 3642945.876410791650414, 3444752.718891242984682 ], [ 3642451.161461757495999, 3444077.205229990184307 ], [ 3642667.310517031699419, 3443153.294765228871256 ], [ 3642574.737228488083929, 3441980.580152975395322 ], [ 3642791.309297826141119, 3441625.321059554349631 ], [ 3642791.309297826141119, 3441127.583277967292815 ], [ 3642142.01610387628898, 3440310.508438788354397 ], [ 3642791.309297826141119, 3440097.284653683658689 ], [ 3643502.596316198352724, 3439173.67096404498443 ], [ 3643935.317440810147673, 3438214.505977723747492 ], [ 3644027.890729353297502, 3437220.283520242664963 ], [ 3643440.591359826736152, 3435834.466410188004375 ], [ 3642883.882586369290948, 3435301.827778412494808 ], [ 3642822.300644062459469, 3434768.98088810313493 ], [ 3644275.454144929070026, 3435656.913506009615958 ], [ 3643873.312484438065439, 3435798.855899949092418 ], [ 3643811.741674080956727, 3436154.198192060459405 ], [ 3644058.882075590547174, 3436509.307268013712019 ], [ 3644275.454144929070026, 3436509.307268013712019 ], [ 3644553.608156573958695, 3435733.734311426058412 ], [ 3644120.887031962629408, 3435266.231517149601132 ], [ 3644089.884553776588291, 3434662.414137575309724 ], [ 3643718.745371472556144, 3434342.706355297937989 ], [ 3644027.890729353297502, 3433597.012126801535487 ], [ 3644739.17774772644043, 3434023.505060514900833 ], [ 3644646.604459183290601, 3434236.143107682000846 ], [ 3644461.034868030343205, 3434058.624872805085033 ], [ 3644708.175269540399313, 3435017.725283610168844 ], [ 3645079.325583794154227, 3434910.900775891728699 ], [ 3645326.888999369461089, 3433739.174879808910191 ], [ 3645667.036835438106209, 3433597.012126801535487 ], [ 3645914.1883688964881, 3433241.982796840835363 ], [ 3645976.182193318847567, 3432673.861481274012476 ], [ 3645728.607645795214921, 3432531.467519752215594 ], [ 3645759.610123981256038, 3432390.302304415032268 ], [ 3647800.474876490887254, 3431430.910404240246862 ], [ 3648109.620234372559935, 3431040.100035863462836 ], [ 3648820.918384694494307, 3431146.879891705233604 ], [ 3649377.62715815147385, 3430898.452557115349919 ], [ 3650088.914176525082439, 3430152.713404344860464 ], [ 3650057.922830286901444, 3429620.563593766652048 ], [ 3650429.062012592330575, 3429371.679819605313241 ], [ 3650367.068188169505447, 3429194.458156595472246 ], [ 3650707.204892288893461, 3428874.655025449581444 ], [ 3651047.352728355675936, 3428129.517701401375234 ], [ 3651387.077550359535962, 3427806.571688058320433 ], [ 3652438.93541886517778, 3427738.819471739698201 ], [ 3652593.502531831152737, 3427383.707543294411153 ], [ 3653366.371492510661483, 3426780.499537417665124 ], [ 3654139.6523353070952, 3424474.429781139362603 ], [ 3653613.934908086434007, 3424083.585931124165654 ], [ 3653551.941083663143218, 3423338.007924863602966 ], [ 3653397.362838747445494, 3423231.522169569972903 ], [ 3653181.224915423430502, 3422344.438764540944248 ], [ 3653273.798203966580331, 3421492.974291593767703 ], [ 3653026.223656442947686, 3421351.188172650523484 ], [ 3653026.223656442947686, 3421031.820632072165608 ], [ 3654046.656032697763294, 3420287.132725329604 ], [ 3654603.375938103534281, 3419612.891548187006265 ], [ 3654819.948007442522794, 3418796.684381038881838 ], [ 3654819.948007442522794, 3418122.992861155420542 ], [ 3654417.806346951518208, 3417413.546211319044232 ], [ 3654603.375938103534281, 3416952.537058481480926 ], [ 3654634.378416289575398, 3415782.186439874116331 ], [ 3655407.236245020292699, 3415427.643314231187105 ], [ 3655840.380383696872741, 3415427.643314231187105 ], [ 3656427.668621275108308, 3414541.078778114635497 ], [ 3656520.664923883508891, 3413831.584641579072922 ], [ 3657262.531406377442181, 3413725.674445473123342 ], [ 3657572.099778323899955, 3413867.620089540723711 ], [ 3658499.53585197031498, 3413193.711155176628381 ], [ 3658925.043473578523844, 3412449.956286047119647 ], [ 3659087.258235562592745, 3412413.682249602861702 ], [ 3659025.253279190510511, 3411739.848469173535705 ], [ 3659458.397417867556214, 3411314.583403315860778 ], [ 3659458.397417867556214, 3410995.449081533122808 ], [ 3659922.121020663995296, 3410676.335330403409898 ], [ 3659953.112366902176291, 3410144.726131145376712 ], [ 3660262.257724783848971, 3409861.172650675754994 ], [ 3659581.97318459674716, 3408018.046589227858931 ], [ 3659774.767410701140761, 3407810.46813677251339 ], [ 3659860.116064292844385, 3407096.466337084304541 ], [ 3660416.835969699081033, 3406600.291130170226097 ], [ 3660663.976371209137142, 3405360.069541980046779 ], [ 3662210.137306632939726, 3404190.745807996019721 ], [ 3662735.854733853600919, 3404190.745807996019721 ], [ 3663261.561029124539346, 3403907.321617958135903 ], [ 3665147.858668668195605, 3401746.382412014063448 ], [ 3666601.012169534340501, 3402100.554014867171645 ], [ 3668363.73404234694317, 3401533.54737958451733 ], [ 3668549.31476544868201, 3400789.72961177257821 ], [ 3669538.744663517456502, 3399301.97873865487054 ], [ 3669816.887543214019388, 3398381.01297680195421 ], [ 3670409.697227535303682, 3397894.654055080842227 ], [ 3670868.32239765394479, 3396893.790982240345329 ], [ 3672507.479635687079281, 3396752.271913222968578 ], [ 3673218.343639994040132, 3396398.002888929564506 ], [ 3673682.479124908335507, 3395725.224092022050172 ], [ 3673958.08392021432519, 3395654.477056711912155 ], [ 3674053.629439162556082, 3395053.461356707848608 ], [ 3674671.920154925901443, 3394061.074650364462286 ], [ 3675290.210870690643787, 3393636.384465526789427 ], [ 3675352.204695113003254, 3392963.518137563951313 ], [ 3675815.928297910839319, 3392645.0736865834333 ], [ 3676125.073655792046338, 3392821.799396619666368 ], [ 3676527.215316283050925, 3392751.310187308583409 ], [ 3676990.927787131629884, 3392184.937867803964764 ], [ 3677393.06944762263447, 3391158.260884189512581 ], [ 3677764.219761875923723, 3390698.17726940382272 ], [ 3679031.803671590052545, 3389883.774825298693031 ], [ 3679557.521098810248077, 3389176.343980781268328 ], [ 3679743.090689962729812, 3389176.343980781268328 ], [ 3679866.666456692386419, 3388645.365906909108162 ], [ 3680423.375230149831623, 3388432.985793227795511 ], [ 3680825.516890640836209, 3387866.570706204976887 ], [ 3680825.516890640836209, 3387336.129741573240608 ], [ 3681227.235537065193057, 3387477.547144721727818 ], [ 3681531.293594218790531, 3387011.516260092146695 ], [ 3682093.10080035449937, 3386593.117865855339915 ], [ 3682124.103278540540487, 3385425.239759059622884 ], [ 3681845.9603988439776, 3384894.668216555379331 ], [ 3681938.533687387127429, 3384151.552571170032024 ], [ 3682464.251114608254284, 3383939.487160223536193 ], [ 3683051.53935218648985, 3383267.105421242304146 ], [ 3684288.543797779362649, 3382877.988941908814013 ], [ 3684443.110910745803267, 3381533.865177019033581 ], [ 3685308.976174033246934, 3381180.007064912933856 ], [ 3686452.984317018184811, 3381357.291461671236902 ], [ 3686669.556386356707662, 3381003.438105404376984 ], [ 3686948.12228011758998, 3381321.842030883766711 ], [ 3687102.700525033287704, 3381286.379962531384081 ], [ 3687566.412995881401002, 3380720.515074037481099 ], [ 3687782.985065219923854, 3379836.298909509088844 ], [ 3688277.711146203335375, 3379765.879424489103258 ], [ 3688493.849069527816027, 3379376.612004181370139 ], [ 3688926.99320820486173, 3379517.943709000945091 ], [ 3689421.719289187341928, 3378952.154961955267936 ], [ 3690627.721256594639271, 3378527.698894395958632 ], [ 3690967.86909266281873, 3377926.499760154169053 ], [ 3690967.86909266281873, 3377254.438363342080265 ], [ 3691462.584041696973145, 3376547.687557029537857 ], [ 3692266.444348613265902, 3376370.938964851666242 ], [ 3692823.16425401950255, 3376512.238365526776761 ], [ 3693781.602805851958692, 3375663.510144384112209 ], [ 3693662.268311721272767, 3374212.598206478171051 ], [ 3692854.166732205543667, 3372093.433213654905558 ], [ 3692885.158078442327678, 3371280.424888097681105 ], [ 3692575.589706495869905, 3370361.423024103976786 ], [ 3692575.589706495869905, 3368806.755909143015742 ], [ 3692080.874757461249828, 3368629.882227796595544 ], [ 3692049.872279275674373, 3368453.239894797559828 ], [ 3692142.868581884074956, 3368206.000576447229832 ], [ 3692266.444348613265902, 3368523.840572031680495 ], [ 3692637.594662867020816, 3368453.239894797559828 ], [ 3692049.872279275674373, 3367640.697845596820116 ], [ 3692297.446826799307019, 3367676.123161453288049 ], [ 3692637.594662867020816, 3368206.000576447229832 ], [ 3692946.740020749159157, 3368276.612649923656136 ], [ 3693317.879203054122627, 3368064.54859656561166 ], [ 3693348.881681240163743, 3367746.477993831038475 ], [ 3693720.020863545127213, 3367393.473767501767725 ], [ 3693781.602805851958692, 3367004.572048048488796 ], [ 3694060.168699612375349, 3366863.387344736605883 ], [ 3693998.174875190015882, 3366651.104361624456942 ], [ 3694461.887346038129181, 3366086.351601602043957 ], [ 3694585.463112767785788, 3365556.076080541592091 ], [ 3694245.738290765322745, 3364425.709310867357999 ], [ 3693874.599108460359275, 3364319.714176565408707 ], [ 3693534.451272391714156, 3363472.012644117698073 ], [ 3693008.733845171984285, 3362871.500271595083177 ], [ 3692854.166732205543667, 3362235.604418964590877 ], [ 3693286.87672486808151, 3362023.650180585682392 ], [ 3693317.879203054122627, 3361705.725203919690102 ], [ 3693503.448794205673039, 3361670.557488455902785 ], [ 3693565.453750577755272, 3360929.005848776549101 ], [ 3692854.166732205543667, 3359622.282313119620085 ], [ 3692823.16425401950255, 3356938.912629160564393 ], [ 3693008.733845171984285, 3356903.274634262081236 ], [ 3692977.731366986874491, 3356232.766975298989564 ], [ 3693441.454969783313572, 3355173.739938646089286 ], [ 3693379.88415942620486, 3354608.994933109730482 ], [ 3693781.602805851958692, 3354573.604659424629062 ], [ 3694060.168699612375349, 3353832.197022035717964 ], [ 3693967.172397003974766, 3353549.856498580425978 ], [ 3693812.594152088277042, 3353549.856498580425978 ], [ 3693812.594152088277042, 3352985.168117193970829 ], [ 3694523.88117046141997, 3353161.845062369480729 ], [ 3695420.748911935836077, 3351891.272065151482821 ], [ 3695636.897967208176851, 3351891.272065151482821 ], [ 3696441.181288189720362, 3351114.875074049457908 ], [ 3696935.896237224340439, 3351044.367392347194254 ], [ 3697121.476960325613618, 3349809.362381836865097 ], [ 3697430.622318208217621, 3349597.60726743331179 ], [ 3697646.760241532698274, 3349103.597148009110242 ], [ 3697925.337267242372036, 3347833.413565752562135 ], [ 3699069.345410226844251, 3346775.299672730732709 ], [ 3699471.487070717848837, 3346139.935980208683759 ], [ 3699038.342932040803134, 3344976.117083118762821 ], [ 3699007.340453854762018, 3344411.565591959748417 ], [ 3698296.476449547335505, 3342930.411530261393636 ], [ 3698234.482625124976039, 3342154.552112770732492 ], [ 3697863.332310870289803, 3341801.506727917585522 ], [ 3698017.910555785987526, 3341167.104897719807923 ], [ 3697739.767676089890301, 3340920.133979304227978 ], [ 3697616.191909359768033, 3340391.348583030514419 ], [ 3696781.329124258365482, 3339545.178373008500785 ], [ 3696657.33034346299246, 3338451.895945086143911 ], [ 3696750.326646072324365, 3337359.185781024862081 ], [ 3696441.181288189720362, 3336936.31744486419484 ], [ 3696533.754576733801514, 3336689.425212392117828 ], [ 3696039.039627699647099, 3335667.298310277983546 ], [ 3696162.615394428838044, 3335314.666465763002634 ], [ 3695853.470036546699703, 3334820.946848955471069 ], [ 3695575.316024902276695, 3333767.257499252445996 ], [ 3695853.470036546699703, 3333517.277689530514181 ], [ 3695977.034671327564865, 3332883.030362253542989 ], [ 3696441.181288189720362, 3332107.998667384497821 ], [ 3696317.182507395278662, 3331931.360888139810413 ], [ 3696502.752098547760397, 3331191.47147729806602 ], [ 3696997.478179531171918, 3330557.335050866473466 ], [ 3696842.899934615474194, 3330310.561252002604306 ], [ 3698110.906858394388109, 3328936.461799170821905 ], [ 3698296.476449547335505, 3328408.140264398884028 ], [ 3698172.477668752893806, 3327456.790773144457489 ], [ 3697986.908077599946409, 3327210.315394587814808 ], [ 3696750.326646072324365, 3327280.709291493985802 ], [ 3696441.181288189720362, 3327492.10880117258057 ], [ 3696626.327865277882665, 3327175.251738629769534 ], [ 3697986.908077599946409, 3327069.541398274712265 ], [ 3697925.337267242372036, 3326822.83225018158555 ], [ 3698482.046040699351579, 3325621.282636415679008 ], [ 3698389.049738090950996, 3325061.660780999809504 ], [ 3698574.619329242501408, 3324533.264719647821039 ], [ 3698420.052216276992112, 3323159.989392494782805 ], [ 3698698.195095972623676, 3322526.007098476402462 ], [ 3699409.482114345766604, 3321610.62078946037218 ], [ 3699962.383761217817664, 3319918.781826774124056 ], [ 3700337.352334005292505, 3319462.627779483329505 ], [ 3700429.925622549373657, 3319075.610580710228533 ], [ 3700893.638093397486955, 3318723.658620140049607 ], [ 3701573.93376553338021, 3318406.7691227379255 ], [ 3702192.647495362441987, 3318406.7691227379255 ], [ 3700893.638093397486955, 3318793.9950419398956 ], [ 3700522.92192515777424, 3319181.004072547424585 ], [ 3700646.497691887896508, 3319216.540978723671287 ], [ 3700893.638093397486955, 3319181.004072547424585 ], [ 3701048.216338313184679, 3319427.812628133222461 ], [ 3700893.638093397486955, 3319744.24475682200864 ], [ 3700553.490257329773158, 3319885.423029388301075 ], [ 3700739.070980431046337, 3320096.705271313432604 ], [ 3700522.92192515777424, 3320448.693454768974334 ], [ 3700708.06850224500522, 3320554.338618274778128 ], [ 3700677.48903812514618, 3320835.991319013759494 ], [ 3700429.925622549373657, 3320800.931755003053695 ], [ 3700213.353553210850805, 3321434.603865715675056 ], [ 3699749.629950413480401, 3321680.972435074392706 ], [ 3699842.626253021880984, 3322244.318700999487191 ], [ 3701821.497181109152734, 3322561.299381512217224 ], [ 3702316.212130143307149, 3322420.587171429302543 ], [ 3702748.933254755567759, 3321962.889780225697905 ], [ 3703089.081090822815895, 3320765.644130705855787 ], [ 3703522.225229499861598, 3320202.347647150512785 ], [ 3703583.79603985697031, 3318899.880570656619966 ], [ 3703769.365631009452045, 3318758.712725637480617 ], [ 3703769.365631009452045, 3318442.050508568994701 ], [ 3703460.220273127779365, 3318230.794465354178101 ], [ 3703707.79482065141201, 3317878.624008043203503 ], [ 3703645.800996229052544, 3317597.033725634217262 ], [ 3703151.074915245175362, 3317526.703611508011818 ], [ 3702934.502845907118171, 3318055.075579419266433 ], [ 3702192.647495362441987, 3318090.115256257820874 ], [ 3702316.212130143307149, 3317491.652741634752601 ], [ 3704480.663781331386417, 3316013.263985439669341 ], [ 3704573.660083939787, 3315238.959326912183315 ], [ 3704788.951979134697467, 3314992.722317676059902 ], [ 3705222.942145941313356, 3313479.316431689541787 ], [ 3706304.956464502494782, 3312951.619495913386345 ], [ 3707109.239785483572632, 3311508.996131248306483 ], [ 3709613.828140790574253, 3309573.983521517366171 ], [ 3709737.403907519765198, 3308905.376923467963934 ], [ 3710201.116378368344158, 3308870.348659177310765 ], [ 3711005.410831300076097, 3308131.737135948613286 ], [ 3712644.133923317771405, 3307815.086046705953777 ], [ 3713633.563821386545897, 3306584.097924332600087 ], [ 3714066.707960063591599, 3306584.097924332600087 ], [ 3714313.859493522439152, 3306337.767011980991811 ], [ 3714592.425387284252793, 3305599.282578111626208 ], [ 3714499.429084674920887, 3304227.724216560833156 ], [ 3714994.144033710006624, 3303524.370317266788334 ], [ 3715179.724756811279804, 3302891.546671313233674 ], [ 3715798.015472575090826, 3302188.262915238272399 ], [ 3715891.011775183491409, 3301872.005478007253259 ], [ 3717251.591987506020814, 3300500.575490587390959 ], [ 3717251.591987506020814, 3300325.089356394484639 ], [ 3717684.301980168558657, 3300325.089356394484639 ], [ 3717715.304458354599774, 3299867.907254267949611 ], [ 3718210.01940738921985, 3299762.412720307242125 ], [ 3718612.172199829015881, 3298110.511486201547086 ], [ 3718952.308903947006911, 3298215.993027365766466 ], [ 3719725.177864627912641, 3297653.64527916489169 ], [ 3719972.741280201822519, 3297196.554225579369813 ], [ 3719941.749933965504169, 3296950.636191394180059 ], [ 3720591.031995965633541, 3296247.663932357449085 ], [ 3720838.606543491128832, 3296247.663932357449085 ], [ 3720962.182310220319778, 3295966.541005766019225 ], [ 3721271.327668101992458, 3295896.311800525523722 ], [ 3721425.894781068898737, 3295474.51414443552494 ], [ 3721735.463153015822172, 3295298.600352244917303 ], [ 3721766.042617136612535, 3294982.505316839553416 ], [ 3723596.290893065277487, 3293998.301402105018497 ], [ 3724240.051508322358131, 3293857.876598549541086 ], [ 3725043.922947188373655, 3293120.091776985675097 ], [ 3726373.500681324396282, 3292768.821474744472653 ], [ 3726559.070272476878017, 3292347.109394155908376 ], [ 3727332.362247221637517, 3292101.280163923278451 ], [ 3728105.220075951889157, 3291574.184131289366633 ], [ 3729527.794112697709352, 3289712.483259303495288 ], [ 3730393.236361920367926, 3289255.902645729016513 ], [ 3732959.818541651125997, 3288447.927251516375691 ], [ 3734629.967125920113176, 3286656.599513797089458 ], [ 3735959.544860057532787, 3286446.071551346220076 ], [ 3736701.411342550534755, 3286059.779260423965752 ], [ 3737443.700839108787477, 3284374.11708189593628 ], [ 3737690.852372568566352, 3283285.576907633803785 ], [ 3738866.286007803399116, 3282899.362662589643151 ], [ 3738866.286007803399116, 3281459.979209373239428 ], [ 3738989.850642583798617, 3281073.817305393517017 ], [ 3739639.143836534116417, 3280828.193964758887887 ], [ 3739546.570547990035266, 3279845.265184361953288 ], [ 3739855.715905872173607, 3279599.664234991185367 ], [ 3740041.285497025586665, 3279669.808400261215866 ], [ 3740288.437030483968556, 3278970.392247372306883 ], [ 3741123.299815586302429, 3278125.444947389420122 ], [ 3741308.869406738784164, 3278125.444947389420122 ], [ 3741339.871884924825281, 3278336.070323553401977 ], [ 3741030.726527042221278, 3278967.498674958012998 ], [ 3741308.869406738784164, 3278897.598240986932069 ], [ 3741463.436519704759121, 3279143.426479713525623 ], [ 3741711.01106722978875, 3279143.426479713525623 ], [ 3742236.728494449518621, 3278722.393865277525038 ], [ 3742329.301782993599772, 3278336.070323553401977 ], [ 3742978.594976943451911, 3277598.883266072720289 ], [ 3743009.597455129493028, 3276581.258359345141798 ], [ 3743287.740334825124592, 3275282.766399596817791 ], [ 3743195.16704628104344, 3272756.732775009702891 ], [ 3743349.734159247949719, 3271844.495406351052225 ], [ 3743875.451586468145251, 3271143.072733951266855 ], [ 3744586.73860484175384, 3270651.952050518710166 ], [ 3745730.746747825760394, 3270300.787273745983839 ], [ 3745792.751704197842628, 3269318.877521068323404 ], [ 3746101.897062079049647, 3269950.351376999635249 ], [ 3747276.896551300305873, 3269880.030422719195485 ], [ 3747740.620154097676277, 3269599.44474563607946 ], [ 3748049.76551198028028, 3268898.378514382988214 ], [ 3747957.192223436199129, 3267670.706873866263777 ], [ 3748173.76429277472198, 3265776.907784686423838 ], [ 3748513.912128842435777, 3265496.407247486524284 ], [ 3749286.76995757361874, 3265286.221849119290709 ], [ 3749565.335851334035397, 3264935.436243443284184 ], [ 3749874.481209216173738, 3263533.104165996424854 ], [ 3750400.198636436834931, 3262971.974748997949064 ], [ 3750647.350169895682484, 3262200.718488352838904 ], [ 3751945.925425846129656, 3260623.460047936066985 ], [ 3752564.650287624448538, 3260202.511955876369029 ], [ 3752595.641633861232549, 3259747.168356668204069 ], [ 3752966.368934049736708, 3259291.600332331378013 ], [ 3752997.360280286986381, 3258906.071486859582365 ], [ 3752527.280334564857185, 3258171.633806250058115 ], [ 3752996.09123809216544, 3257364.078385853208601 ], [ 3754079.797612913884223, 3257574.380557140801102 ], [ 3754976.654222438577563, 3257013.497915561310947 ], [ 3755007.233686560299248, 3256768.551118726842105 ], [ 3755254.808234083931893, 3256663.166192955803126 ], [ 3755131.232467354740947, 3256452.638477243017405 ], [ 3755316.80205850629136, 3256102.560917752794921 ], [ 3755468.408073017839342, 3256099.432562892790884 ], [ 3755378.372868864331394, 3256382.866965467110276 ], [ 3755502.371649658773094, 3256417.986047113779932 ], [ 3756398.816377067938447, 3255997.420838397927582 ], [ 3756398.816377067938447, 3255506.84939047228545 ], [ 3757048.098439068999141, 3255647.115365850739181 ], [ 3757573.815866289194673, 3255296.579283148050308 ], [ 3758068.53081532381475, 3255331.947824205737561 ], [ 3758223.109060239046812, 3255191.685108168516308 ], [ 3758563.256896306760609, 3254245.50466341804713 ], [ 3758965.398556797299534, 3253649.874682356603444 ], [ 3758161.5382498819381, 3252423.811309479642659 ], [ 3758408.678651391528547, 3251372.959163825493306 ], [ 3758810.820311882067472, 3251337.840527810622007 ], [ 3760294.976290934719145, 3250567.258375871926546 ], [ 3760449.554535849951208, 3250147.353579584974796 ], [ 3760789.69123996887356, 3250322.188345444854349 ], [ 3761562.983214713167399, 3250181.977392426226288 ], [ 3762954.565905222203583, 3248396.179597929585725 ], [ 3763016.136715579312295, 3247660.394289247691631 ], [ 3763882.001978868152946, 3247485.341647066175938 ], [ 3765025.998989902902395, 3245559.747495387680829 ], [ 3765459.143128579948097, 3245524.643880978692323 ], [ 3767407.022710429970175, 3244229.125497527886182 ], [ 3769077.171294699423015, 3243494.03194889659062 ], [ 3770746.885732955299318, 3241288.762736047618091 ], [ 3770994.03726641414687, 3240483.659274858888239 ], [ 3771457.760869211982936, 3240308.698959721252322 ], [ 3771581.748518056701869, 3240623.770265385974199 ], [ 3771952.898832311388105, 3240763.630695688072592 ], [ 3772973.331208565738052, 3240448.808149874210358 ], [ 3774612.054300583899021, 3241219.069053833838552 ], [ 3775477.919563873205334, 3240973.688641315326095 ], [ 3776034.639469279441983, 3240378.639976859558374 ], [ 3776065.207801450975239, 3239573.817108851391822 ], [ 3778848.362050519324839, 3236389.41345044830814 ], [ 3779343.088131501805037, 3235514.683058390859514 ], [ 3779343.088131501805037, 3235164.904856443870813 ], [ 3779497.655244469176978, 3235129.828030102420598 ], [ 3779590.651547077577561, 3235444.77959990222007 ], [ 3780734.659690061584115, 3235339.786538203712553 ], [ 3780981.811223520431668, 3235269.883976422250271 ], [ 3781105.810004315339029, 3234744.996458802372217 ], [ 3783424.81763652106747, 3234430.061051739379764 ], [ 3783764.965472588781267, 3233415.90913890581578 ], [ 3784105.113308657426387, 3233100.525884248316288 ], [ 3784290.682899809442461, 3232540.890932088252157 ], [ 3784723.404024421237409, 3231981.757428654003888 ], [ 3785156.548163096886128, 3231771.611357086338103 ], [ 3785929.40599182760343, 3230582.582249320112169 ], [ 3785960.408470013644546, 3230232.691254278644919 ], [ 3786609.701663963496685, 3229673.413086908403784 ], [ 3787011.843324454501271, 3229603.287752768956125 ], [ 3787197.412915606983006, 3229253.421852157916874 ], [ 3787753.709806948434561, 3229008.735072162002325 ], [ 3788279.427234168630093, 3227959.927478552795947 ], [ 3789269.280146302189678, 3227295.345427834894508 ], [ 3789670.99879272794351, 3226806.046391549520195 ], [ 3790073.140453218482435, 3225756.929588122759014 ], [ 3790784.438603539951146, 3225372.349537794478238 ], [ 3790908.003238320350647, 3225127.49312257906422 ], [ 3792670.302097069099545, 3224078.74424091167748 ], [ 3793320.0183050846681, 3224043.708466208539903 ], [ 3793660.166141151916236, 3223694.223976237699389 ], [ 3794866.168108559213579, 3223309.701938631944358 ], [ 3795175.313466440886259, 3222365.972423128783703 ], [ 3796350.324087611865252, 3223205.053814488463104 ], [ 3797896.473891086410731, 3223379.78240110212937 ], [ 3799380.629870138596743, 3223103.288182671181858 ], [ 3800246.484001477714628, 3223170.007694066967815 ], [ 3800864.774717242456973, 3222645.585001247934997 ], [ 3801390.492144462652504, 3222610.540314197540283 ], [ 3802905.650601699948311, 3221806.776993012987077 ], [ 3802967.6444261232391, 3222121.408904074225575 ], [ 3803585.935141887050122, 3222435.808970110025257 ], [ 3806400.091869140975177, 3221632.294980257749557 ], [ 3806616.240924414712936, 3221247.604415519163013 ], [ 3807172.960829820018262, 3221212.80236825812608 ], [ 3807513.097533939871937, 3220968.020403949078172 ], [ 3807698.678257041145116, 3220443.669517550151795 ], [ 3808471.536085771396756, 3219779.691660657525063 ], [ 3808626.114330686628819, 3219185.565969923045486 ], [ 3809090.249815600924194, 3218801.170596403535455 ], [ 3809615.967242821119726, 3217683.093773484230042 ], [ 3810296.262914957012981, 3216879.380703010596335 ], [ 3811192.696510415989906, 3216110.491194886621088 ], [ 3811656.843127279076725, 3215971.109356968663633 ], [ 3811625.840649093035609, 3215691.645622096490115 ], [ 3811872.981050603557378, 3215307.348273009993136 ], [ 3811749.416415822226554, 3214503.7745256354101 ], [ 3811903.983528789598495, 3214294.374686615075916 ], [ 3812677.275503533892334, 3214119.271541306748986 ], [ 3812986.420861415565014, 3214468.989609213545918 ], [ 3812831.842616500332952, 3214957.847767269704491 ], [ 3812337.127667465712875, 3215237.548071567434818 ], [ 3812398.69847782375291, 3215761.448136236984283 ], [ 3813109.985496196895838, 3214713.416509076487273 ], [ 3813604.711577180307359, 3214643.61933194892481 ], [ 3813635.70292341709137, 3215027.898072157520801 ], [ 3813823.832862857729197, 3214985.679201018065214 ], [ 3813913.856935061980039, 3215307.348273009993136 ], [ 3813419.130854078102857, 3216041.164840943645686 ], [ 3813264.5637411121279, 3217333.771658528596163 ], [ 3812893.424558807164431, 3217997.630922080948949 ], [ 3813047.991671773605049, 3218277.154279606882483 ], [ 3812862.422080621123314, 3218801.170596403535455 ], [ 3813171.990452568046749, 3219045.913817250635475 ], [ 3813326.557565534487367, 3219500.137630184181035 ], [ 3812182.549422550480813, 3219674.831496387254447 ], [ 3811502.264882363844663, 3219290.183361229021102 ], [ 3809986.683411061298102, 3219535.174353209324181 ], [ 3809739.543009550776333, 3219290.183361229021102 ], [ 3809461.400129854213446, 3219325.697599682956934 ], [ 3808904.680224447511137, 3219779.691660657525063 ], [ 3808750.113111482001841, 3220373.843136574607342 ], [ 3807945.818658550735563, 3221177.761350798420608 ], [ 3807698.678257041145116, 3221841.807038622908294 ], [ 3807760.672081463504583, 3222540.690291936509311 ], [ 3808533.54104214347899, 3222610.540314197540283 ], [ 3808502.538563957437873, 3223065.360638707876205 ], [ 3808657.105676923878491, 3223170.007694066967815 ], [ 3808997.253512991592288, 3222715.662061231676489 ], [ 3809801.536833973135799, 3222296.136232641525567 ], [ 3810203.255480398889631, 3222470.614128257613629 ], [ 3810790.977863991633058, 3223065.360638707876205 ], [ 3811007.126919263973832, 3223029.836694073863328 ], [ 3811594.838170906994492, 3222016.530796471517533 ], [ 3812522.69725861819461, 3222470.614128257613629 ], [ 3813171.990452568046749, 3222506.136620667763054 ], [ 3813388.139507841784507, 3222715.662061231676489 ], [ 3813604.711577180307359, 3222610.540314197540283 ], [ 3814068.424048028420657, 3223764.30640908703208 ], [ 3814284.996117366943508, 3225267.446496527642012 ], [ 3814779.711066401563585, 3225756.929588122759014 ], [ 3814718.140256042592227, 3226351.340764340944588 ], [ 3814501.568186705000699, 3226595.979951744433492 ], [ 3814192.422828823793679, 3226560.925137923099101 ], [ 3814161.420350637752563, 3226840.862676456570625 ], [ 3814934.289311316795647, 3227015.6377391545102 ], [ 3815119.858902468346059, 3227714.785523233003914 ], [ 3815707.581286061089486, 3228624.076073386706412 ], [ 3815645.576329689007252, 3229708.475889031309634 ], [ 3815398.435928178951144, 3229813.173826097976416 ], [ 3815243.434669198468328, 3230477.639190406538546 ], [ 3816325.860869876109064, 3230652.460798375308514 ], [ 3816604.014881521463394, 3230967.069788504391909 ], [ 3816820.586950859054923, 3230757.417792103253305 ], [ 3816666.008705943822861, 3230057.862431347370148 ], [ 3816975.154063825495541, 3229883.048437132965773 ], [ 3817222.728611350059509, 3230547.51720227766782 ], [ 3817624.447257776279002, 3230897.17703793104738 ], [ 3817500.871491046156734, 3231106.831180941313505 ], [ 3817099.152844619937241, 3231106.831180941313505 ], [ 3817037.159020197577775, 3231456.757174872327596 ], [ 3817377.295724316500127, 3231701.96632102644071 ], [ 3817841.019327114801854, 3231526.879439198877662 ], [ 3818150.164684996008873, 3230232.691254278644919 ], [ 3818583.308823673054576, 3229708.475889031309634 ], [ 3818923.456659741234034, 3229673.413086908403784 ], [ 3819170.59706125035882, 3229987.986925666220486 ], [ 3819387.169130589812994, 3229987.986925666220486 ], [ 3820067.453670775983483, 3229708.475889031309634 ], [ 3820438.603985029738396, 3231666.659155919682235 ], [ 3820995.323890436440706, 3232226.258252261206508 ], [ 3820840.322631455026567, 3232925.912177450954914 ], [ 3820500.174795387778431, 3233415.90913890581578 ], [ 3820624.173576182220131, 3233975.34070692723617 ], [ 3821582.612128014210612, 3234500.211194647010416 ], [ 3821304.469248318113387, 3234990.012822937220335 ], [ 3821242.464291946031153, 3235549.760874865576625 ], [ 3821737.17924098065123, 3237124.110946146771312 ], [ 3821304.469248318113387, 3237509.022286667488515 ], [ 3821366.04005867568776, 3237788.945167642086744 ], [ 3821953.751310319174081, 3238069.10055648162961 ], [ 3823437.907289371825755, 3237474.178771703504026 ], [ 3823623.476880523841828, 3237649.10268195066601 ], [ 3823685.4818368954584, 3238069.10055648162961 ], [ 3824334.763898896053433, 3238454.038593655917794 ], [ 3824612.917910541873425, 3238454.038593655917794 ], [ 3825043.512832878623158, 3238139.269429975189269 ], [ 3825602.347808610182256, 3238314.189281310886145 ], [ 3825911.916180557571352, 3238838.987508034799248 ], [ 3825942.495644677896053, 3239398.881081642117351 ], [ 3825695.344111218582839, 3239853.78242264688015 ], [ 3825911.916180557571352, 3240273.860882198438048 ], [ 3826097.485771709587425, 3240448.808149874210358 ], [ 3827086.926801728084683, 3240588.679382876493037 ], [ 3827924.761817233636975, 3241355.331813227850944 ], [ 3827705.217517491430044, 3242198.946347130462527 ], [ 3827736.219995677471161, 3242864.015780142508447 ], [ 3828694.647415560670197, 3242969.066857756115496 ], [ 3828849.225660475902259, 3243319.045535454526544 ], [ 3829189.373496543616056, 3243529.130322970915586 ], [ 3829158.371018358506262, 3243809.164399936795235 ], [ 3829374.943087696097791, 3244159.164689559489489 ], [ 3830333.804653592873365, 3244159.164689559489489 ], [ 3830797.517124441452324, 3244474.325152903329581 ], [ 3831261.24072723928839, 3244439.224340043496341 ], [ 3831848.951978882309049, 3245104.642780195455998 ], [ 3831848.951978882309049, 3245314.528270238079131 ], [ 3832219.668147122021765, 3245419.585669782478362 ], [ 3832405.248870223294944, 3245769.627405259292573 ], [ 3832003.530223797541112, 3246259.847195025533438 ], [ 3832219.668147122021765, 3246960.461970499716699 ], [ 3833023.96260005235672, 3247310.303865703288466 ], [ 3834167.970743036363274, 3252598.927613475825638 ], [ 3834074.974440427962691, 3253089.381311043631285 ], [ 3833518.677549086511135, 3253860.11926744831726 ], [ 3833611.250837630126625, 3255331.947824205737561 ], [ 3833889.816731391940266, 3256102.560917752794921 ], [ 3833858.825385154690593, 3256768.551118726842105 ], [ 3833394.678768292069435, 3257364.078385853208601 ], [ 3832838.393008900340647, 3257644.410516574978828 ], [ 3832838.393008900340647, 3257924.735828874167055 ], [ 3832621.820939561352134, 3258169.70351846748963 ], [ 3832467.24269464565441, 3259571.959719917736948 ], [ 3833364.099304171279073, 3260693.493149061687291 ], [ 3833456.683724664151669, 3261604.978596019558609 ], [ 3833580.248359444085509, 3261920.052287180908024 ], [ 3833734.826604360248893, 3261920.052287180908024 ], [ 3833549.680027272552252, 3262411.095755354966968 ], [ 3833642.253315816167742, 3263042.259793187025934 ], [ 3833982.390019935090095, 3263182.364002033136785 ], [ 3834198.962089273612946, 3263568.254410025663674 ], [ 3834044.394976307172328, 3263883.613609360996634 ], [ 3834260.544031580444425, 3264654.953152450732887 ], [ 3834198.962089273612946, 3264900.282447915989906 ], [ 3834013.392498121131212, 3264935.436243443284184 ], [ 3834074.974440427962691, 3265601.621091589797288 ], [ 3833858.825385154690593, 3266127.475361859425902 ], [ 3833858.825385154690593, 3266618.671534263528883 ], [ 3834198.962089273612946, 3267074.486234047915787 ], [ 3834229.964567459654063, 3267460.235182963311672 ], [ 3834724.679516493808478, 3267705.615368037484586 ], [ 3834910.260239595547318, 3268056.472834069747478 ], [ 3834786.261458801105618, 3268828.063033859245479 ], [ 3834940.828571767546237, 3269248.787131422199309 ], [ 3835002.833528138697147, 3270897.630127616226673 ], [ 3834600.680735699366778, 3272370.832593390252441 ], [ 3834105.965786665212363, 3272370.832593390252441 ], [ 3834260.544031580444425, 3272756.732775009702891 ], [ 3833302.105479748919606, 3273879.360235877800733 ], [ 3833240.111655325163156, 3273282.865545426961035 ], [ 3832807.39053071429953, 3273809.498793269973248 ], [ 3832034.521570033859462, 3274090.159320458304137 ], [ 3832189.099814950022846, 3274756.555671203881502 ], [ 3832652.812285798601806, 3274931.721171853132546 ], [ 3832127.094858578871936, 3275388.296498451847583 ], [ 3831879.531443003099412, 3275352.875482658855617 ], [ 3831786.958154459483922, 3275107.356332816649228 ], [ 3831446.810318391304463, 3275352.875482658855617 ], [ 3831694.384865916334093, 3275844.407230054028332 ], [ 3831014.089193779043853, 3276967.531632215715945 ], [ 3830704.520821833051741, 3278020.133493106346577 ], [ 3830673.941357711795717, 3279003.169263852294534 ], [ 3831106.662482324056327, 3279599.664234991185367 ], [ 3831230.238249053247273, 3280336.720612799748778 ], [ 3830890.090412984602153, 3281425.022482429165393 ], [ 3830549.942576917354017, 3281881.337493817787617 ], [ 3830549.942576917354017, 3282688.906093276571482 ], [ 3830364.372985764872283, 3283145.263925602193922 ], [ 3830364.372985764872283, 3285568.114937158767134 ], [ 3830178.803394612390548, 3286024.570385269355029 ], [ 3830549.942576917354017, 3287042.668718602042645 ], [ 3830364.372985764872283, 3287323.857874110341072 ], [ 3830457.369288374204189, 3288342.535038989968598 ], [ 3830766.514646255411208, 3288693.689673494547606 ], [ 3830488.371766559313983, 3289396.50698256213218 ], [ 3830797.517124441452324, 3290098.640203158836812 ], [ 3831570.38608512096107, 3291047.336420585867018 ], [ 3831817.949500696267933, 3292347.109394155908376 ], [ 3832529.247651017736644, 3292874.248401275835931 ], [ 3832776.388052528258413, 3293506.587000567000359 ], [ 3833487.675070900470018, 3293822.900285947602242 ], [ 3834013.392498121131212, 3294315.10697386180982 ], [ 3833951.398673698771745, 3294841.829858619254082 ], [ 3834136.968264850322157, 3295825.855235164053738 ], [ 3834662.68569207098335, 3296458.573252291418612 ], [ 3834817.252805037423968, 3296950.636191394180059 ], [ 3834786.261458801105618, 3297372.25249028718099 ], [ 3834570.11240352736786, 3297688.644228373654187 ], [ 3834570.11240352736786, 3298848.583334247581661 ], [ 3835002.833528138697147, 3299410.968528006691486 ], [ 3835157.400641106069088, 3300606.303641491569579 ], [ 3835837.696313241496682, 3301942.253323458600789 ], [ 3835837.696313241496682, 3302364.013940905686468 ], [ 3835559.54230159567669, 3302856.534137713722885 ], [ 3835652.115590140223503, 3303911.16545149916783 ], [ 3835961.260948021430522, 3304297.98441473999992 ], [ 3836517.980853427667171, 3304368.485513794235885 ], [ 3837136.271569191478193, 3304895.856646165717393 ], [ 3837352.843638530932367, 3305493.7555709653534 ], [ 3837229.267871800810099, 3306654.370488262269646 ], [ 3837383.846116716973484, 3306689.63352647004649 ], [ 3837754.98529902100563, 3307392.913132885470986 ], [ 3838002.136832480784506, 3307463.189943516161293 ], [ 3838126.135613275226206, 3308061.444151174742728 ], [ 3838682.421372666954994, 3308377.8478027950041 ], [ 3838867.990963819436729, 3309222.041154106613249 ], [ 3839795.861183479428291, 3309538.725545641034842 ], [ 3840290.576132514048368, 3309538.725545641034842 ], [ 3840630.712836632505059, 3309222.041154106613249 ], [ 3841125.438917616382241, 3309363.108269238378853 ], [ 3841218.01220615953207, 3308975.902293466497213 ], [ 3841094.436439430341125, 3308835.092537838499993 ], [ 3840383.149421058129519, 3308764.79585770284757 ], [ 3841403.581797312945127, 3308413.115382640156895 ], [ 3842022.295527141541243, 3309538.725545641034842 ], [ 3842486.019129938911647, 3311262.574519535526633 ], [ 3842455.01665175287053, 3311825.481354302261025 ], [ 3842888.160790429450572, 3312071.913342331536114 ], [ 3842702.591199277434498, 3313092.003899073693901 ], [ 3841898.296746347099543, 3314253.278386163525283 ], [ 3842207.865118293557316, 3316048.792459283024073 ], [ 3842269.447060600388795, 3317773.481574514415115 ], [ 3842486.019129938911647, 3318056.761030124034733 ], [ 3842609.583764719311148, 3318829.290124824736267 ], [ 3843382.875739464536309, 3319568.505940340925008 ], [ 3844063.160279650706798, 3320659.997293565422297 ], [ 3844464.87892607646063, 3320906.33887836150825 ], [ 3844526.883882448542863, 3321223.541265836451203 ], [ 3844990.596353297121823, 3321469.905935879796743 ], [ 3845547.316258703358471, 3322244.318700999487191 ], [ 3845670.892025432549417, 3324427.828915532212704 ], [ 3845825.459138398524374, 3324533.264719647821039 ], [ 3846382.179043804761022, 3326188.916584880556911 ], [ 3847062.474715940654278, 3326329.681272942107171 ], [ 3847279.035653330385685, 3326928.540632143616676 ], [ 3847928.328847280703485, 3327139.93455100664869 ], [ 3848423.043796315323561, 3327703.511667210143059 ], [ 3848948.338209470268339, 3327840.90630731638521 ], [ 3848732.189154196530581, 3328548.928414914757013 ], [ 3848763.191632382571697, 3329041.933304162696004 ], [ 3849134.341946636792272, 3329781.944177416618913 ], [ 3849412.484826331958175, 3329711.549736203625798 ], [ 3849195.912756994366646, 3329323.752801295835525 ], [ 3849288.909059602767229, 3329182.956455124076456 ], [ 3849505.481128941290081, 3329711.549736203625798 ], [ 3849381.482348145917058, 3330169.754464916419238 ], [ 3848794.194110568612814, 3330839.199328642804176 ], [ 3848855.764920926652849, 3331438.007911035791039 ], [ 3849072.3369902651757, 3331755.220193061977625 ], [ 3849752.632662400603294, 3332037.097168352454901 ], [ 3850092.769366519525647, 3332391.58307103253901 ], [ 3850185.776801077183336, 3332918.121748501900584 ], [ 3849907.199775366578251, 3333728.776313957758248 ], [ 3850587.495447502471507, 3334222.214291680138558 ], [ 3850866.061341263819486, 3334892.09159018099308 ], [ 3851546.345881450921297, 3335455.768837162759155 ], [ 3851731.492458538152277, 3336090.126254059374332 ], [ 3852411.788130674045533, 3336760.110414872411638 ], [ 3852535.786911468487233, 3337429.874547685496509 ], [ 3853123.075149047188461, 3338310.761744794435799 ], [ 3853123.075149047188461, 3338663.714287990704179 ], [ 3853556.21928772283718, 3339121.999260502401739 ], [ 3854174.510003487579525, 3340814.568167082965374 ], [ 3854669.224952521268278, 3341343.383122693281621 ], [ 3854483.655361368786544, 3342048.735265655908734 ], [ 3853896.367123791016638, 3343071.353636437095702 ], [ 3854019.942890520673245, 3343353.483579073101282 ], [ 3853957.937934148591012, 3344341.080880384892225 ], [ 3854267.083292031195015, 3344623.237839216832072 ], [ 3854329.088248403277248, 3345187.557074179407209 ], [ 3854545.649185792077333, 3345293.640242770779878 ], [ 3854731.229908893350512, 3345787.267033998388797 ], [ 3854700.227430707309395, 3346281.153500442858785 ], [ 3854298.085770217236131, 3347233.611001772806048 ], [ 3854483.655361368786544, 3348009.76774717727676 ], [ 3854360.079594639595598, 3348327.134981738869101 ], [ 3854514.65783955482766, 3349068.475636829156429 ], [ 3854360.079594639595598, 3349244.604919549077749 ], [ 3854483.655361368786544, 3349703.484401329886168 ], [ 3854360.079594639595598, 3350832.592523622792214 ], [ 3854545.649185792077333, 3351714.853473202791065 ], [ 3854019.942890520673245, 3352279.729041304904968 ], [ 3854329.088248403277248, 3353091.326473387889564 ], [ 3853927.358470027800649, 3353938.349468932952732 ], [ 3853988.940412334632128, 3355138.589605268090963 ], [ 3854112.516179063823074, 3355597.444783159065992 ], [ 3854792.800719251390547, 3356197.868006340693682 ], [ 3855194.942379741929471, 3356868.37389501137659 ], [ 3856679.098358794581145, 3357221.579729947727174 ], [ 3857019.246194861829281, 3357856.979993192013353 ], [ 3856988.243716676253825, 3358528.065803001634777 ], [ 3856648.095880608540028, 3359410.357306533493102 ], [ 3856833.242457695771009, 3359975.561777054332197 ], [ 3856586.525070250499994, 3360364.002120156306773 ], [ 3856988.243716676253825, 3361034.973755893297493 ], [ 3856926.672906318213791, 3361811.940919103566557 ], [ 3857173.813307829201221, 3362306.667702581733465 ], [ 3856833.665471760556102, 3363294.956183050293475 ], [ 3856957.664252554997802, 3363931.386308629065752 ], [ 3856431.946825334336609, 3365485.236934827640653 ], [ 3857050.237541099078953, 3366227.540703712962568 ], [ 3857019.246194861829281, 3367004.572048048488796 ], [ 3856153.380931573454291, 3367993.950379539746791 ], [ 3856029.805164844263345, 3369230.402453053276986 ], [ 3856338.950522725936025, 3370008.107020532246679 ], [ 3856277.379712368827313, 3370432.033926532138139 ], [ 3857143.244975656270981, 3370927.084233869798481 ], [ 3857606.957446504849941, 3371810.701763788703829 ], [ 3858688.960633118171245, 3372128.628741612657905 ], [ 3859276.683016709983349, 3371951.952212213538587 ], [ 3859276.683016709983349, 3372340.745502635836601 ], [ 3860791.830341998953372, 3372765.002001749817282 ], [ 3861286.556422982364893, 3373330.524686741642654 ], [ 3861069.984353643842041, 3375698.957048770505935 ], [ 3861286.556422982364893, 3376193.963638448622078 ], [ 3861155.333007235545665, 3376334.76472941134125 ], [ 3861069.984353643842041, 3377360.77949682995677 ], [ 3859925.976210659835488, 3378527.698894395958632 ], [ 3860049.540845440234989, 3379199.596219418104738 ], [ 3860018.972513268236071, 3379517.943709000945091 ], [ 3859771.397965744137764, 3379624.30315295048058 ], [ 3859833.402922116219997, 3380013.094094104599208 ], [ 3859647.822199014946818, 3379977.635557683184743 ], [ 3859616.830852777697146, 3380189.878924986347556 ], [ 3859307.685494895093143, 3380331.219375968445092 ], [ 3858998.540137013886124, 3380897.067498566117138 ], [ 3858781.968067674897611, 3380755.72096096072346 ], [ 3858688.960633118171245, 3380933.012365494854748 ], [ 3858874.541356219444424, 3380967.989629380404949 ], [ 3858750.965589489322156, 3381109.580378535669297 ], [ 3858843.961892097722739, 3381604.778012049850076 ], [ 3859524.257564234547317, 3382312.042754000518471 ], [ 3859864.394268352538347, 3383019.587546360678971 ], [ 3859802.400443930178881, 3383904.018023123499006 ], [ 3859462.252607862465084, 3384611.648606947157532 ], [ 3859462.252607862465084, 3384859.438495609909296 ], [ 3859647.822199014946818, 3385001.071208829991519 ], [ 3859554.825896405614913, 3385637.571186416316777 ], [ 3859802.400443930178881, 3385920.612919928971678 ], [ 3859802.400443930178881, 3386380.528951364103705 ], [ 3860080.543323626276106, 3386876.180212208535522 ], [ 3860513.687462302390486, 3387265.185939800925553 ], [ 3860668.265707218553871, 3387937.517760625109076 ], [ 3860668.265707218553871, 3388185.370466405991465 ], [ 3860049.540845440234989, 3389211.572555314749479 ], [ 3860482.684984116349369, 3389600.889644226059318 ], [ 3860915.406108728609979, 3391193.749642081558704 ], [ 3861348.550247405655682, 3391476.898578071966767 ], [ 3861100.975699881091714, 3392078.718703155405819 ], [ 3861381.244781851302832, 3392325.439045490231365 ], [ 3861379.552725591696799, 3392857.776949771679938 ], [ 3861750.268893831409514, 3393459.418354734778404 ], [ 3861657.69560528639704, 3393919.598943707533181 ], [ 3861966.840963169001043, 3394486.033528353087604 ], [ 3861935.838484983425587, 3394981.749215457588434 ], [ 3861688.698083472438157, 3395441.983305242843926 ], [ 3861904.847138746641576, 3396433.505847478285432 ], [ 3862337.980145474430174, 3396964.544716388918459 ], [ 3862925.279515001457185, 3397283.323716919869184 ], [ 3864811.57715454371646, 3397602.123232252430171 ], [ 3865213.718815034721047, 3399514.547933239024132 ], [ 3866141.577902745921165, 3400187.50886057689786 ], [ 3866574.299027357716113, 3400896.01949360081926 ], [ 3866821.862442932557315, 3402135.830139161087573 ], [ 3867069.013976391870528, 3402206.612237554974854 ], [ 3867223.581089357845485, 3402490.254618162754923 ], [ 3867069.013976391870528, 3402808.926013482734561 ], [ 3867162.010279000271112, 3403482.298899392597377 ], [ 3867378.159334273077548, 3403659.898092079907656 ], [ 3867223.581089357845485, 3404297.063353547360748 ], [ 3867347.156856087036431, 3404722.354944839142263 ], [ 3867131.007800814695656, 3405572.724535182584077 ], [ 3866914.435731476638466, 3405785.382991220802069 ], [ 3866728.866140323225409, 3407415.49254945339635 ], [ 3866481.725738814100623, 3407946.99056564969942 ], [ 3866543.296549171674997, 3408266.037566836923361 ], [ 3867285.586045729927719, 3408974.986521519720554 ], [ 3867563.728925426490605, 3409612.908900821115822 ], [ 3867378.159334273077548, 3411739.848469173535705 ], [ 3867903.876761493738741, 3412803.690868321340531 ], [ 3867934.879239679779857, 3413370.944743147585541 ], [ 3867471.155636882409453, 3414292.98121339129284 ], [ 3867440.153158696368337, 3415321.47758375108242 ], [ 3867594.731403612531722, 3415569.122367531992495 ], [ 3868646.166258052457124, 3416030.567705596331507 ], [ 3868800.733371018897742, 3417129.834553757682443 ], [ 3869357.453276425600052, 3417484.666619187686592 ], [ 3869450.026564969681203, 3417945.694611765444279 ], [ 3869913.739035817794502, 3418690.491182039491832 ], [ 3870872.600601714104414, 3418938.429899860173464 ], [ 3871367.326682697981596, 3418867.799574981443584 ], [ 3871614.467084208503366, 3419080.674995141103864 ], [ 3871212.748437782283872, 3419116.482336474582553 ], [ 3871645.469562394544482, 3419400.25006099883467 ], [ 3872016.608744698576629, 3420251.07950977422297 ], [ 3871954.614920275751501, 3421315.630127012263983 ], [ 3872202.178335851058364, 3421635.004634968005121 ], [ 3872202.178335851058364, 3422415.57335131149739 ], [ 3872387.759058952797204, 3422841.213856000918895 ], [ 3872696.904416834469885, 3423338.007924863602966 ], [ 3873191.619365869089961, 3423515.379668004345149 ], [ 3874243.054220309481025, 3423515.379668004345149 ], [ 3874459.626289647538215, 3424047.534965709783137 ], [ 3874984.920702802948654, 3424615.521753200795501 ], [ 3875139.487815769854933, 3425396.269421820994467 ], [ 3874892.347414259333163, 3426744.913861643988639 ], [ 3875387.06236329395324, 3426887.001594680827111 ], [ 3875572.631954445503652, 3426673.998353181872517 ], [ 3875912.779790514148772, 3426638.412969107739627 ], [ 3875696.207721176557243, 3427383.707543294411153 ], [ 3875789.204023784957826, 3428129.274901050608605 ], [ 3876005.353079057764262, 3428129.274901050608605 ], [ 3876036.344425294548273, 3428519.754848236218095 ], [ 3876252.916494633071125, 3428555.345386649016291 ], [ 3876252.916494633071125, 3428732.545547781977803 ], [ 3876624.0668088872917, 3429052.600776526611298 ], [ 3877613.496706956066191, 3429513.796292312908918 ], [ 3877551.502882532775402, 3429975.251025791279972 ], [ 3877056.787933498620987, 3430649.787129912525415 ], [ 3877706.06999549921602, 3430294.838427058886737 ], [ 3877922.642064837738872, 3430685.383507742546499 ], [ 3878540.932780602481216, 3430756.078075749333948 ], [ 3879777.937226194888353, 3432318.614535338245332 ], [ 3880180.090018634218723, 3433490.455005788244307 ], [ 3880025.511773718520999, 3434413.919475581031293 ], [ 3880303.654653415083885, 3434839.940637837629765 ], [ 3880458.232898330781609, 3435798.855899949092418 ], [ 3881262.093205247074366, 3436189.809678447432816 ], [ 3881664.234865738078952, 3437184.183262716978788 ], [ 3882622.673417569603771, 3437503.718154384288937 ], [ 3883736.102096433751285, 3438143.271974736824632 ], [ 3884973.117673974949867, 3437965.943211523350328 ], [ 3885467.832623009569943, 3438214.505977723747492 ], [ 3886240.690451740287244, 3439067.067990070674568 ], [ 3883430.786129034124315, 3442339.02165487408638 ], [ 3882570.442312488798052, 3443973.722134840209037 ], [ 3862645.433447095565498, 3441217.126057347282767 ], [ 3857872.78839052002877, 3441811.002236549276859 ], [ 3841394.242092034779489, 3446314.25713677238673 ], [ 3807806.11269760504365, 3458241.938979940488935 ], [ 3783834.183931963518262, 3469741.963437438942492 ], [ 3767815.954859858378768, 3478881.425201806705445 ], [ 3745326.055870995856822, 3484434.612130729947239 ], [ 3716200.157133066095412, 3490416.618892193306237 ], [ 3657393.754822124261409, 3496222.043907274026424 ], [ 3650309.738650410901755, 3494727.93249219795689 ], [ 3633603.154375036712736, 3483027.551950299181044 ], [ 3631535.951431004796177, 3482126.05913923215121 ] ] ] ] } },
{ "type": "Feature", "properties": { "gid": 14, "gm_layer": "Governorate", "gm_type": "Unknown Area Type", "id_0": 69, "iso": "EGY", "name_0": "Egypt", "id_1": 7, "name": "Al Isma`iliyah", "hasc_1": "EG.IS", "ccn_1": 0, "cca_1": null, "type_1": "Muhafazah", "type": "Governorate", "nl_name_1": "?????? ???????????", "varname_1": "As Ismailiyah|Ismailia|Ismaïlia|Isma'iliya", "name_1": null, "engtype_1": null, "perimeter": null, "enclosed_a": null, "length": null, "width": null, "island_are": null, "layer": null, "shape_leng": null, "shape_area": null, "population_sum": 1329650.0 }, "geometry": { "type": "MultiPolygon", "coordinates": [ [ [ [ 3649147.474110936746001, 3579178.750526557210833 ], [ 3642983.669377916958183, 3600824.577332561835647 ], [ 3628910.770671322010458, 3624195.103660155087709 ], [ 3620779.56091776676476, 3633030.793565079104155 ], [ 3597560.964542170520872, 3621273.80070825247094 ], [ 3597482.4063775180839, 3619895.437833533622324 ], [ 3582061.66240834724158, 3619429.245647994801402 ], [ 3580309.126268941443413, 3598141.193631762638688 ], [ 3579937.141058506909758, 3590984.689325133804232 ], [ 3581679.057318490929902, 3584242.357065435498953 ], [ 3575528.421681232284755, 3581731.768073042389005 ], [ 3574361.904737208969891, 3580362.203494316432625 ], [ 3575247.729585197288543, 3580070.64586368529126 ], [ 3576451.60535032954067, 3576068.721557719632983 ], [ 3570052.126123351510614, 3575049.146543017588556 ], [ 3569512.827718254178762, 3576162.915136243216693 ], [ 3559605.526621042285115, 3577741.648433048278093 ], [ 3547311.902995541226119, 3575127.807123404927552 ], [ 3536798.200104181654751, 3577459.771222482435405 ], [ 3534690.243094570934772, 3575474.966652612201869 ], [ 3535120.62650987599045, 3571326.628158625215292 ], [ 3536134.045758211053908, 3570330.607495074160397 ], [ 3540961.048122141044587, 3571063.129097388125956 ], [ 3542251.775353990960866, 3569641.247106297407299 ], [ 3542409.314697362482548, 3567313.202253094408661 ], [ 3539793.262135923840106, 3565680.842217647936195 ], [ 3539836.576549791265279, 3564666.553260770160705 ], [ 3544389.031653578858823, 3538491.141382512170821 ], [ 3585453.767667902167886, 3535488.225429595448077 ], [ 3597560.964542170520872, 3536559.415092954877764 ], [ 3605524.003940984606743, 3534657.246639075689018 ], [ 3610978.213711891323328, 3533675.662224235478789 ], [ 3612182.523623038083315, 3534278.751665322110057 ], [ 3614762.697912594303489, 3533014.108477744739503 ], [ 3617603.181699420791119, 3535459.965559357311577 ], [ 3625373.003858064766973, 3540298.000284148845822 ], [ 3650735.235140070784837, 3535160.592640409246087 ], [ 3652592.233489636331797, 3528605.066141954623163 ], [ 3665022.16783161368221, 3528936.702513072174042 ], [ 3666051.516899080947042, 3533951.652674665674567 ], [ 3664530.848127047996968, 3538355.18398523516953 ], [ 3649147.474110936746001, 3579178.750526557210833 ] ] ] ] } },
{ "type": "Feature", "properties": { "gid": 15, "gm_layer": "Governorate", "gm_type": "Unknown Area Type", "id_0": 69, "iso": "EGY", "name_0": "Egypt", "id_1": 16, "name": "Ash Sharqiyah", "hasc_1": "EG.SQ", "ccn_1": 0, "cca_1": null, "type_1": "Muhafazah", "type": "Governorate", "nl_name_1": "?????? ????????", "varname_1": "Charkieh|Sharqia|Sharqiya|Sharquia|Sharkia", "name_1": null, "engtype_1": null, "perimeter": null, "enclosed_a": null, "length": null, "width": null, "island_are": null, "layer": null, "shape_leng": null, "shape_area": null, "population_sum": 7474606.0 }, "geometry": { "type": "MultiPolygon", "coordinates": [ [ [ [ 3576359.03206178592518, 3645444.612825802993029 ], [ 3567912.743621489498764, 3647543.524454610422254 ], [ 3559163.888805218040943, 3647094.401880691293627 ], [ 3555861.384603802580386, 3644257.188712114002556 ], [ 3546137.103881403338164, 3641977.388670711778104 ], [ 3544082.22400500299409, 3642619.437133699189872 ], [ 3540572.487439527641982, 3641683.136270288843662 ], [ 3537655.148676257114857, 3641228.534567881375551 ], [ 3533941.797630171757191, 3638236.547011040151119 ], [ 3532902.674711412750185, 3634806.751551552210003 ], [ 3527284.546990312170237, 3628987.071096503175795 ], [ 3526458.612028371542692, 3627753.192991403397173 ], [ 3527628.090070849750191, 3625022.397344329860061 ], [ 3525244.739772965665907, 3622470.402767102699727 ], [ 3520630.068205773830414, 3622533.025782122742385 ], [ 3519654.65343159576878, 3619937.744326885789633 ], [ 3522421.031833401881158, 3616744.819854630623013 ], [ 3521337.748472644481808, 3613198.544472768902779 ], [ 3517177.026656959671527, 3611990.971664036158472 ], [ 3516979.145130124874413, 3609544.756058593746275 ], [ 3514732.528562782332301, 3608629.742904064711183 ], [ 3509418.881912900134921, 3609821.421079397201538 ], [ 3504909.307076966855675, 3608240.612756241112947 ], [ 3502379.24882216565311, 3610082.756756372749805 ], [ 3499132.582477333024144, 3609487.137190318200737 ], [ 3498934.47831151727587, 3608258.901160162873566 ], [ 3496850.087638107594103, 3607139.314099912066013 ], [ 3495971.910439137369394, 3608356.305833404418081 ], [ 3493191.093899376224726, 3608329.60534151410684 ], [ 3492878.976311090402305, 3607453.744296375662088 ], [ 3492446.043679445981979, 3604826.517664989922196 ], [ 3491418.809682303573936, 3604320.864863716065884 ], [ 3492305.05754435621202, 3601595.702287130989134 ], [ 3491490.154343953356147, 3599938.855464871041477 ], [ 3492530.757811939809471, 3599784.706725825555623 ], [ 3491997.615374682936817, 3598690.319684457965195 ], [ 3493532.510777639225125, 3595749.060192378703505 ], [ 3492482.990618440322578, 3595170.91814335482195 ], [ 3493545.668741451110691, 3594398.947115052025765 ], [ 3493557.991809081751853, 3591832.237853616476059 ], [ 3494355.907655189745128, 3590235.691113482695073 ], [ 3492349.852507451083511, 3589152.26057454245165 ], [ 3494035.296389755792916, 3583880.155771884135902 ], [ 3489317.431654599029571, 3583689.182537832763046 ], [ 3488945.223805182613432, 3581950.338545810896903 ], [ 3489535.272766131907701, 3580652.526369106490165 ], [ 3487497.380244027357548, 3577256.315695324912667 ], [ 3485292.386034292168915, 3577923.402536282781512 ], [ 3483826.920597744174302, 3577054.8416045634076 ], [ 3484531.628634211141616, 3573878.034790369216353 ], [ 3483013.709453600924462, 3573229.904332475736737 ], [ 3483223.068019936326891, 3570649.295533091295511 ], [ 3480873.903937674127519, 3567150.333939266391098 ], [ 3481493.252188601065427, 3563663.41443341691047 ], [ 3480679.19501632777974, 3562234.737113020382822 ], [ 3484891.513415996450931, 3559711.295205642003566 ], [ 3483965.357516494579613, 3558729.491513374727219 ], [ 3485452.051579937338829, 3556403.21948988456279 ], [ 3487855.995983618311584, 3555027.300712053198367 ], [ 3487899.09889045311138, 3553819.168537922669202 ], [ 3489495.364728682674468, 3552687.685299745295197 ], [ 3489118.692967685870826, 3551497.983019283041358 ], [ 3490204.314037749078125, 3551064.60009493585676 ], [ 3490312.806013475637883, 3549576.574837478809059 ], [ 3489066.46186260599643, 3549471.253290455788374 ], [ 3488893.204207135364413, 3547512.270165747031569 ], [ 3492473.639781213365495, 3545348.690265603829175 ], [ 3492289.127725223079324, 3542752.873096068855375 ], [ 3493645.678171979263425, 3541118.778017894364893 ], [ 3494284.139979474712163, 3540614.447254987899214 ], [ 3510187.498469030950218, 3538342.15287797478959 ], [ 3512809.718130259308964, 3536731.979928035289049 ], [ 3516774.673489436041564, 3528964.213690981268883 ], [ 3526299.146857810672373, 3527197.282635317649692 ], [ 3546863.897704843897372, 3527698.374917794018984 ], [ 3544389.031653578858823, 3538491.141382512170821 ], [ 3539836.576549791265279, 3564666.553260770160705 ], [ 3539793.262135923840106, 3565680.842217647936195 ], [ 3542409.314697362482548, 3567313.202253094408661 ], [ 3542251.775353990960866, 3569641.247106297407299 ], [ 3540961.048122141044587, 3571063.129097388125956 ], [ 3536134.045758211053908, 3570330.607495074160397 ], [ 3535120.62650987599045, 3571326.628158625215292 ], [ 3534690.243094570934772, 3575474.966652612201869 ], [ 3536798.200104181654751, 3577459.771222482435405 ], [ 3547311.902995541226119, 3575127.807123404927552 ], [ 3559605.526621042285115, 3577741.648433048278093 ], [ 3569512.827718254178762, 3576162.915136243216693 ], [ 3570052.126123351510614, 3575049.146543017588556 ], [ 3576451.60535032954067, 3576068.721557719632983 ], [ 3575247.729585197288543, 3580070.64586368529126 ], [ 3574361.904737208969891, 3580362.203494316432625 ], [ 3575528.421681232284755, 3581731.768073042389005 ], [ 3581679.057318490929902, 3584242.357065435498953 ], [ 3579937.141058506909758, 3590984.689325133804232 ], [ 3580309.126268941443413, 3598141.193631762638688 ], [ 3582061.66240834724158, 3619429.245647994801402 ], [ 3582413.699166031554341, 3622658.999434950295836 ], [ 3585444.427962624002248, 3624580.282057668082416 ], [ 3581902.842890833038837, 3641714.379379857797176 ], [ 3576359.03206178592518, 3645444.612825802993029 ] ] ] ] } },
{ "type": "Feature", "properties": { "gid": 16, "gm_layer": "Governorate", "gm_type": "Unknown Area Type", "id_0": 69, "iso": "EGY", "name_0": "Egypt", "id_1": 12, "name": "Al Qalyubiyah", "hasc_1": "EG.QL", "ccn_1": 0, "cca_1": null, "type_1": "Muhafazah", "type": "Governorate", "nl_name_1": "?????? ?????????", "varname_1": "Caliubia|Kalioubieh|Kalioubiya|Qaliyubia|Qalyubiya|Kalyoubia|Kalyubia", "name_1": null, "engtype_1": null, "perimeter": null, "enclosed_a": null, "length": null, "width": null, "island_are": null, "layer": null, "shape_leng": null, "shape_area": null, "population_sum": 6054818.0 }, "geometry": { "type": "MultiPolygon", "coordinates": [ [ [ [ 3480317.607046333141625, 3582875.984544997103512 ], [ 3480336.720602902118117, 3579505.305912848562002 ], [ 3477998.810921160504222, 3576260.819807176012546 ], [ 3479634.773289807140827, 3573481.854867255315185 ], [ 3476119.938291653990746, 3574266.833478853106499 ], [ 3475953.693764102645218, 3570449.400610782206059 ], [ 3474175.042072156909853, 3572202.676289299502969 ], [ 3471043.457816906273365, 3571644.850384043063968 ], [ 3471802.946174792014062, 3569541.93394915945828 ], [ 3470423.475044881924987, 3569878.834343790076673 ], [ 3470339.606940518599004, 3567778.926586201414466 ], [ 3467429.047534237615764, 3566289.170673296786845 ], [ 3467049.203167752828449, 3564694.387797209899873 ], [ 3467015.651473226957023, 3563676.226332057733089 ], [ 3465384.576030225958675, 3562906.450695051811635 ], [ 3466170.814461749978364, 3560819.030971294734627 ], [ 3465001.748301388230175, 3559668.701365326531231 ], [ 3466029.616819627583027, 3557376.218803877942264 ], [ 3465721.317489875946194, 3555170.084569485858083 ], [ 3464569.884336855262518, 3554707.291605007369071 ], [ 3463116.730835989117622, 3557728.813745645806193 ], [ 3461570.581032514106482, 3557626.870787540450692 ], [ 3463549.229321619495749, 3554416.328488448634744 ], [ 3461126.60550738312304, 3550227.668313400354236 ], [ 3458474.663542113266885, 3552073.613502213731408 ], [ 3457240.631326925009489, 3551407.664113659411669 ], [ 3457419.62193617131561, 3550461.444715204183012 ], [ 3460204.690880480688065, 3546813.594190585892648 ], [ 3463122.252282733097672, 3544891.660772961564362 ], [ 3461040.822707778308541, 3539683.55086944391951 ], [ 3464157.122796943411231, 3537550.567280660849065 ], [ 3462630.721071134787053, 3534747.690753183327615 ], [ 3463266.422155259177089, 3532882.397103791125119 ], [ 3460725.52138205524534, 3530612.468850339762866 ], [ 3465402.409412650857121, 3526399.516564873978496 ], [ 3469825.143913817126304, 3521731.523458894807845 ], [ 3476323.775411245413125, 3520063.80225234804675 ], [ 3477832.978275725618005, 3517132.981042746920139 ], [ 3482614.751530547160655, 3518207.537885881960392 ], [ 3483256.820089544635266, 3520414.367740237154067 ], [ 3485738.899643812794238, 3521853.541912378743291 ], [ 3486150.392141530290246, 3521838.571128606330603 ], [ 3487617.349259255453944, 3523726.548060782719404 ], [ 3486712.622361731249839, 3525649.430415782611817 ], [ 3488722.918782067950815, 3524644.981123643927276 ], [ 3490936.195161918643862, 3524955.642451007850468 ], [ 3491681.668395914137363, 3523454.217458628583699 ], [ 3492864.104027120396495, 3524418.067193904425949 ], [ 3492923.559767152648419, 3526627.689279931597412 ], [ 3495561.698115564417094, 3526095.45147545542568 ], [ 3496014.167317842599005, 3528032.936832790262997 ], [ 3497258.596773471683264, 3527770.35302188526839 ], [ 3497074.518863495439291, 3528819.523080182261765 ], [ 3499103.283187356311828, 3528124.080662445165217 ], [ 3516774.673489436041564, 3528964.213690981268883 ], [ 3512809.718130259308964, 3536731.979928035289049 ], [ 3510187.498469030950218, 3538342.15287797478959 ], [ 3494284.139979474712163, 3540614.447254987899214 ], [ 3493645.678171979263425, 3541118.778017894364893 ], [ 3492289.127725223079324, 3542752.873096068855375 ], [ 3492473.639781213365495, 3545348.690265603829175 ], [ 3488893.204207135364413, 3547512.270165747031569 ], [ 3489066.46186260599643, 3549471.253290455788374 ], [ 3490312.806013475637883, 3549576.574837478809059 ], [ 3490204.314037749078125, 3551064.60009493585676 ], [ 3489118.692967685870826, 3551497.983019283041358 ], [ 3489495.364728682674468, 3552687.685299745295197 ], [ 3487899.09889045311138, 3553819.168537922669202 ], [ 3487855.995983618311584, 3555027.300712053198367 ], [ 3485452.051579937338829, 3556403.21948988456279 ], [ 3483965.357516494579613, 3558729.491513374727219 ], [ 3484891.513415996450931, 3559711.295205642003566 ], [ 3480679.19501632777974, 3562234.737113020382822 ], [ 3481493.252188601065427, 3563663.41443341691047 ], [ 3480873.903937674127519, 3567150.333939266391098 ], [ 3483223.068019936326891, 3570649.295533091295511 ], [ 3483013.709453600924462, 3573229.904332475736737 ], [ 3484531.628634211141616, 3573878.034790369216353 ], [ 3483826.920597744174302, 3577054.8416045634076 ], [ 3485292.386034292168915, 3577923.402536282781512 ], [ 3487497.380244027357548, 3577256.315695324912667 ], [ 3489535.272766131907701, 3580652.526369106490165 ], [ 3488945.223805182613432, 3581950.338545810896903 ], [ 3487630.507223066873848, 3582322.365926847327501 ], [ 3486589.903755080420524, 3580175.719632734544575 ], [ 3483917.579191045835614, 3579305.282778532709926 ], [ 3482498.18889173772186, 3579727.7946658404544 ], [ 3482329.807029963470995, 3581823.779581936076283 ], [ 3480777.501258648000658, 3581133.541605331469327 ], [ 3480317.607046333141625, 3582875.984544997103512 ] ] ] ] } },
{ "type": "Feature", "properties": { "gid": 17, "gm_layer": "Governorate", "gm_type": "Unknown Area Type", "id_0": 69, "iso": "EGY", "name_0": "Egypt", "id_1": 9, "name": "Al Minufiyah", "hasc_1": "EG.MF", "ccn_1": 0, "cca_1": null, "type_1": "Muhafazah", "type": "Governorate", "nl_name_1": "?????? ????????", "varname_1": "Menoufieh|Menufia|Menufiya|Minufiya|Munufia|Menoufia|Minufia", "name_1": null, "engtype_1": null, "perimeter": null, "enclosed_a": null, "length": null, "width": null, "island_are": null, "layer": null, "shape_leng": null, "shape_area": null, "population_sum": 4641811.0 }, "geometry": { "type": "MultiPolygon", "coordinates": [ [ [ [ 3447199.991743640508503, 3597670.130077396053821 ], [ 3445304.14289178699255, 3599879.817347840871662 ], [ 3439295.550924780778587, 3598956.615666707511991 ], [ 3438296.781321433838457, 3598624.112451086752117 ], [ 3439300.226343393791467, 3596949.880378641188145 ], [ 3436454.644123889040202, 3595975.774383622221649 ], [ 3434877.491842227987945, 3598359.053911528084427 ], [ 3433958.972459794487804, 3596183.483881823252887 ], [ 3431569.466194069013, 3596229.180176145862788 ], [ 3430619.955465399194509, 3598449.957503239624202 ], [ 3430273.86316852318123, 3596167.673443187493831 ], [ 3429211.173913563136011, 3596143.9642971358262 ], [ 3427621.709696220234036, 3593229.7266242117621 ], [ 3428969.755333879496902, 3591834.95614871615544 ], [ 3428785.888930936343968, 3590115.713713899254799 ], [ 3427215.738645246252418, 3586802.333247582893819 ], [ 3428507.100398193579167, 3584213.004386445507407 ], [ 3427969.705556388944387, 3582806.898910652846098 ], [ 3430485.336805182509124, 3579084.534290484618396 ], [ 3432819.851242455653846, 3578957.75857869675383 ], [ 3430238.61941773770377, 3574848.948865018785 ], [ 3431098.74059530114755, 3573424.660501782782376 ], [ 3434066.841046373359859, 3573723.702668740414083 ], [ 3433818.631977751385421, 3571396.632737793494016 ], [ 3431973.945563866756856, 3568056.645978674292564 ], [ 3432649.777324422262609, 3566104.872190782800317 ], [ 3430792.567467823624611, 3565540.160845261532813 ], [ 3428731.32011654926464, 3564269.914580930490047 ], [ 3428255.496085103135556, 3561996.312855002470315 ], [ 3429604.610389873385429, 3560184.123624743428081 ], [ 3428310.910927619319409, 3558983.126913793385029 ], [ 3420603.516739412676543, 3559371.465185030829161 ], [ 3416971.696088384371251, 3552788.104348179884255 ], [ 3409357.509709818754345, 3556697.184429942630231 ], [ 3413767.286622256040573, 3563918.130859406664968 ], [ 3411720.466276989784092, 3566547.143998845014721 ], [ 3398464.585841123014688, 3565216.435618426185101 ], [ 3393672.20383882895112, 3547171.788491980172694 ], [ 3417680.645397450309247, 3532857.814911540597677 ], [ 3430186.165673675946891, 3546222.688020449597389 ], [ 3429700.367415854241699, 3547633.569866910111159 ], [ 3430937.583368479739875, 3548115.28461805311963 ], [ 3431901.331860022153705, 3546094.5276481336914 ], [ 3433531.98428895836696, 3545335.896980572957546 ], [ 3437171.452589004766196, 3547372.281646475661546 ], [ 3441719.031899095047265, 3546631.050695232115686 ], [ 3442294.431215056683868, 3543771.56415256485343 ], [ 3441461.060111130587757, 3540401.028061555232853 ], [ 3446108.849226833786815, 3539904.344445485156029 ], [ 3447846.101200153119862, 3532946.532628676854074 ], [ 3450822.049675326328725, 3529866.564469119068235 ], [ 3452656.316584873013198, 3528954.875854709651321 ], [ 3458178.475772959645838, 3531912.995589051861316 ], [ 3460725.52138205524534, 3530612.468850339762866 ], [ 3463266.422155259177089, 3532882.397103791125119 ], [ 3462630.721071134787053, 3534747.690753183327615 ], [ 3464157.122796943411231, 3537550.567280660849065 ], [ 3461040.822707778308541, 3539683.55086944391951 ], [ 3463122.252282733097672, 3544891.660772961564362 ], [ 3460204.690880480688065, 3546813.594190585892648 ], [ 3457419.62193617131561, 3550461.444715204183012 ], [ 3457240.631326925009489, 3551407.664113659411669 ], [ 3458474.663542113266885, 3552073.613502213731408 ], [ 3461126.60550738312304, 3550227.668313400354236 ], [ 3463549.229321619495749, 3554416.328488448634744 ], [ 3461570.581032514106482, 3557626.870787540450692 ], [ 3463116.730835989117622, 3557728.813745645806193 ], [ 3464569.884336855262518, 3554707.291605007369071 ], [ 3465721.317489875946194, 3555170.084569485858083 ], [ 3466029.616819627583027, 3557376.218803877942264 ], [ 3465001.748301388230175, 3559668.701365326531231 ], [ 3466170.814461749978364, 3560819.030971294734627 ], [ 3465384.576030225958675, 3562906.450695051811635 ], [ 3467015.651473226957023, 3563676.226332057733089 ], [ 3467049.203167752828449, 3564694.387797209899873 ], [ 3467429.047534237615764, 3566289.170673296786845 ], [ 3470339.606940518599004, 3567778.926586201414466 ], [ 3470423.475044881924987, 3569878.834343790076673 ], [ 3471802.946174792014062, 3569541.93394915945828 ], [ 3471043.457816906273365, 3571644.850384043063968 ], [ 3474175.042072156909853, 3572202.676289299502969 ], [ 3475953.693764102645218, 3570449.400610782206059 ], [ 3476119.938291653990746, 3574266.833478853106499 ], [ 3479634.773289807140827, 3573481.854867255315185 ], [ 3477998.810921160504222, 3576260.819807176012546 ], [ 3479484.447449440136552, 3578291.612333082593977 ], [ 3476257.952196338679641, 3580788.695533437188715 ], [ 3476052.000006422400475, 3582629.264821215067059 ], [ 3474024.716231789439917, 3584642.835902761202306 ], [ 3471075.729337287135422, 3584943.866466358769685 ], [ 3471000.354910071007907, 3587017.783319408074021 ], [ 3472506.385169063694775, 3586010.151696671266109 ], [ 3472990.691745709162205, 3586633.777303847484291 ], [ 3468037.152516593690962, 3589890.089431119151413 ], [ 3464853.971677359659225, 3589398.617139402311295 ], [ 3462038.334400878287852, 3590461.567546849604696 ], [ 3460748.453197158873081, 3589506.241124934516847 ], [ 3460438.250304114539176, 3590450.462593582924455 ], [ 3461380.970543846022338, 3591578.442305513191968 ], [ 3458794.005765352398157, 3593360.841448886785656 ], [ 3458803.979991727042943, 3595813.517095211427659 ], [ 3457693.946557332761586, 3595972.071097442880273 ], [ 3456408.740772226825356, 3594538.230859688017517 ], [ 3454513.103427406400442, 3594801.965350317768753 ], [ 3453555.522035653237253, 3594326.095007228199393 ], [ 3451008.465294608380646, 3595622.607540454249829 ], [ 3449349.57111085858196, 3594294.245809757616371 ], [ 3448219.578091764822602, 3595336.132149438839406 ], [ 3448625.96102485479787, 3596960.252984731923789 ], [ 3447657.336739614605904, 3597433.012108501512557 ], [ 3446738.817357182037085, 3596208.177211374044418 ], [ 3447199.991743640508503, 3597670.130077396053821 ] ] ] ] } },
{ "type": "Feature", "properties": { "gid": 18, "gm_layer": "Governorate", "gm_type": "Unknown Area Type", "id_0": 69, "iso": "EGY", "name_0": "Egypt", "id_1": 5, "name": "Al Gharbiyah", "hasc_1": "EG.GH", "ccn_1": 0, "cca_1": null, "type_1": "Muhafazah", "type": "Governorate", "nl_name_1": "?????? ???????", "varname_1": "al-Garbiyah|El Gharbiya|Garbia|Gharbieh|Gharbiya|Gharbia", "name_1": null, "engtype_1": null, "perimeter": null, "enclosed_a": null, "length": null, "width": null, "island_are": null, "layer": null, "shape_leng": null, "shape_area": null, "population_sum": 5533343.0 }, "geometry": { "type": "MultiPolygon", "coordinates": [ [ [ [ 3457846.398599974345416, 3653956.54468707414344 ], [ 3456876.282633557915688, 3649734.827421866357327 ], [ 3456876.91715465625748, 3642154.871444117277861 ], [ 3453721.555056171491742, 3637299.096935282461345 ], [ 3450988.505709908902645, 3638532.43246510066092 ], [ 3448759.945163973141462, 3638600.333932809066027 ], [ 3447804.901856610551476, 3637656.672067922074348 ], [ 3445193.736220818012953, 3639395.377936577890068 ], [ 3440999.039696542080492, 3636597.345345113426447 ], [ 3440454.631726817693561, 3634241.415535080246627 ], [ 3439663.517501597292721, 3635466.769370048306882 ], [ 3437804.815963822416961, 3634875.385945764370263 ], [ 3436468.659247779753059, 3635551.995444239582866 ], [ 3436357.395416731480509, 3636687.294951319228858 ], [ 3434908.917334478814155, 3636447.196953766513616 ], [ 3434715.488587276078761, 3634158.41949719376862 ], [ 3431094.710829734336585, 3635287.395146917551756 ], [ 3428641.507551378104836, 3634584.276895846240222 ], [ 3427110.430406956002116, 3638452.149140285328031 ], [ 3424440.020538162905723, 3638229.608930935151875 ], [ 3424568.260591557715088, 3636985.131027078256011 ], [ 3421910.797179543878883, 3633961.478230483829975 ], [ 3424268.454938952811062, 3631788.084875824861228 ], [ 3422791.100580788217485, 3628390.297715704888105 ], [ 3426831.218860147986561, 3623660.942956980317831 ], [ 3424578.457456913776696, 3619617.796127867419273 ], [ 3423846.14218673016876, 3617145.837753322906792 ], [ 3427791.13796120788902, 3615234.860611880198121 ], [ 3424571.655836026184261, 3609747.247339766938239 ], [ 3425398.024943981319666, 3608986.246669734362513 ], [ 3427933.827284506522119, 3610442.763414768502116 ], [ 3430016.737408688757569, 3609697.794104616157711 ], [ 3423594.114859574008733, 3603300.706959170754999 ], [ 3424407.737885833252221, 3601277.961111930664629 ], [ 3426728.459838197100908, 3602013.773296635132283 ], [ 3428239.577397919259965, 3600518.461924794130027 ], [ 3427468.623132481705397, 3598235.061392067465931 ], [ 3424443.415782632771879, 3596330.686371314805001 ], [ 3427621.709696220234036, 3593229.7266242117621 ], [ 3429211.173913563136011, 3596143.9642971358262 ], [ 3430273.86316852318123, 3596167.673443187493831 ], [ 3430619.955465399194509, 3598449.957503239624202 ], [ 3431569.466194069013, 3596229.180176145862788 ], [ 3433958.972459794487804, 3596183.483881823252887 ], [ 3434877.491842227987945, 3598359.053911528084427 ], [ 3436454.644123889040202, 3595975.774383622221649 ], [ 3439300.226343393791467, 3596949.880378641188145 ], [ 3438296.781321433838457, 3598624.112451086752117 ], [ 3439295.550924780778587, 3598956.615666707511991 ], [ 3445304.14289178699255, 3599879.817347840871662 ], [ 3447199.991743640508503, 3597670.130077396053821 ], [ 3446738.817357182037085, 3596208.177211374044418 ], [ 3447657.336739614605904, 3597433.012108501512557 ], [ 3448625.96102485479787, 3596960.252984731923789 ], [ 3448219.578091764822602, 3595336.132149438839406 ], [ 3449349.57111085858196, 3594294.245809757616371 ], [ 3451008.465294608380646, 3595622.607540454249829 ], [ 3453555.522035653237253, 3594326.095007228199393 ], [ 3454513.103427406400442, 3594801.965350317768753 ], [ 3456408.740772226825356, 3594538.230859688017517 ], [ 3457693.946557332761586, 3595972.071097442880273 ], [ 3458803.979991727042943, 3595813.517095211427659 ], [ 3458794.005765352398157, 3593360.841448886785656 ], [ 3461380.970543846022338, 3591578.442305513191968 ], [ 3460438.250304114539176, 3590450.462593582924455 ], [ 3460748.453197158873081, 3589506.241124934516847 ], [ 3462038.334400878287852, 3590461.567546849604696 ], [ 3464853.971677359659225, 3589398.617139402311295 ], [ 3468037.152516593690962, 3589890.089431119151413 ], [ 3472990.691745709162205, 3586633.777303847484291 ], [ 3472506.385169063694775, 3586010.151696671266109 ], [ 3471000.354910071007907, 3587017.783319408074021 ], [ 3471075.729337287135422, 3584943.866466358769685 ], [ 3474024.716231789439917, 3584642.835902761202306 ], [ 3476052.000006422400475, 3582629.264821215067059 ], [ 3476257.952196338679641, 3580788.695533437188715 ], [ 3479484.447449440136552, 3578291.612333082593977 ], [ 3480336.720602902118117, 3579505.305912848562002 ], [ 3480317.607046333141625, 3582875.984544997103512 ], [ 3481817.258698503952473, 3587104.412089026067406 ], [ 3481669.270567443687469, 3589933.782544023357332 ], [ 3481104.914144968613982, 3592900.34035613341257 ], [ 3478949.60182397486642, 3595904.894194764550775 ], [ 3479188.24854833772406, 3598647.334157851524651 ], [ 3476164.955893729813397, 3601204.822716522496194 ], [ 3477433.385831573978066, 3603906.409166682045907 ], [ 3476681.110976691823453, 3606808.070000717416406 ], [ 3475222.658668063115329, 3610953.370818438474089 ], [ 3475882.560609485488385, 3612166.055000347550958 ], [ 3479264.903149697463959, 3612956.683411418925971 ], [ 3478626.229835169389844, 3615714.746435177046806 ], [ 3477040.160862295888364, 3616852.187308770604432 ], [ 3478623.680618830490857, 3618058.014246542938054 ], [ 3477019.132610485423356, 3619620.520491818431765 ], [ 3479966.638955760281533, 3621806.872549424413592 ], [ 3480186.817776600364596, 3623409.949873458128422 ], [ 3477571.399736260063946, 3626482.287893346510828 ], [ 3479511.620537143200636, 3628715.171936121303588 ], [ 3483959.190416704397649, 3630320.376017414964736 ], [ 3484719.958948734682053, 3632665.170350633561611 ], [ 3486174.169984763953835, 3634769.83669221913442 ], [ 3483987.009157453663647, 3637774.87433940730989 ], [ 3484952.02669119136408, 3639819.934283585753292 ], [ 3484037.114060259889811, 3640528.548218811396509 ], [ 3480723.789604340214282, 3640069.518835393246263 ], [ 3479524.14397985721007, 3638354.507961079478264 ], [ 3477588.810104619711637, 3640016.981823679991066 ], [ 3475243.252773860003799, 3639959.974935391917825 ], [ 3475318.627201075665653, 3643423.656395930796862 ], [ 3477556.527452289592475, 3645269.565793906338513 ], [ 3477787.749166616238654, 3647549.232532965019345 ], [ 3476774.964439378585666, 3648716.388474702835083 ], [ 3477447.823969529941678, 3650310.548687852919102 ], [ 3475559.823141777422279, 3651667.993792938999832 ], [ 3474860.21353798918426, 3652950.661143570207059 ], [ 3470146.812714413739741, 3653520.587563852313906 ], [ 3467037.737260201014578, 3650875.137702430598438 ], [ 3460579.013800221960992, 3652498.11576925450936 ], [ 3459628.434404440689832, 3651947.096885671373457 ], [ 3457846.398599974345416, 3653956.54468707414344 ] ] ] ] } },
{ "type": "Feature", "properties": { "gid": 19, "gm_layer": "Governorate", "gm_type": "Unknown Area Type", "id_0": 69, "iso": "EGY", "name_0": "Egypt", "id_1": 1, "name": "Ad Daqahliyah", "hasc_1": "EG.DQ", "ccn_1": 0, "cca_1": null, "type_1": "Muhafazah", "type": "Governorate", "nl_name_1": "????????", "varname_1": "Al Daqahliyah|Dacahlia|Dagahlia|Dakahlieh|Dakahliya|Dakalieh|Daqaliya|Dakahlia|Dekahlia", "name_1": null, "engtype_1": null, "perimeter": null, "enclosed_a": null, "length": null, "width": null, "island_are": null, "layer": null, "shape_leng": null, "shape_area": null, "population_sum": 6822815.0 }, "geometry": { "type": "MultiPolygon", "coordinates": [ [ [ [ 3495292.894941145554185, 3698749.597990967798978 ], [ 3492137.532842661719769, 3699198.61705452343449 ], [ 3488673.659907392691821, 3697179.003394967410713 ], [ 3486268.446461516432464, 3693113.397334810346365 ], [ 3486537.884157032705843, 3689742.190666700247675 ], [ 3478945.772433491423726, 3694614.252070304471999 ], [ 3482295.42043925775215, 3668151.872589809820056 ], [ 3482321.324484765063971, 3665971.458172830287367 ], [ 3479981.923121846280992, 3661560.631157568655908 ], [ 3480078.103161891922355, 3659636.090002380311489 ], [ 3482902.879768567625433, 3654595.001488171052188 ], [ 3482129.164779757615179, 3654067.461758324410766 ], [ 3480984.733622708357871, 3655051.592019950039685 ], [ 3480946.729148551356047, 3652747.956745106261224 ], [ 3475559.823141777422279, 3651667.993792938999832 ], [ 3477447.823969529941678, 3650310.548687852919102 ], [ 3476774.964439378585666, 3648716.388474702835083 ], [ 3477787.749166616238654, 3647549.232532965019345 ], [ 3477556.527452289592475, 3645269.565793906338513 ], [ 3475318.627201075665653, 3643423.656395930796862 ], [ 3475243.252773860003799, 3639959.974935391917825 ], [ 3477588.810104619711637, 3640016.981823679991066 ], [ 3479524.14397985721007, 3638354.507961079478264 ], [ 3480723.789604340214282, 3640069.518835393246263 ], [ 3484037.114060259889811, 3640528.548218811396509 ], [ 3484952.02669119136408, 3639819.934283585753292 ], [ 3483987.009157453663647, 3637774.87433940730989 ], [ 3486174.169984763953835, 3634769.83669221913442 ], [ 3484719.958948734682053, 3632665.170350633561611 ], [ 3483959.190416704397649, 3630320.376017414964736 ], [ 3479511.620537143200636, 3628715.171936121303588 ], [ 3477571.399736260063946, 3626482.287893346510828 ], [ 3480186.817776600364596, 3623409.949873458128422 ], [ 3479966.638955760281533, 3621806.872549424413592 ], [ 3477019.132610485423356, 3619620.520491818431765 ], [ 3478623.680618830490857, 3618058.014246542938054 ], [ 3477040.160862295888364, 3616852.187308770604432 ], [ 3478626.229835169389844, 3615714.746435177046806 ], [ 3479264.903149697463959, 3612956.683411418925971 ], [ 3475882.560609485488385, 3612166.055000347550958 ], [ 3475222.658668063115329, 3610953.370818438474089 ], [ 3476681.110976691823453, 3606808.070000717416406 ], [ 3477433.385831573978066, 3603906.409166682045907 ], [ 3476164.955893729813397, 3601204.822716522496194 ], [ 3479188.24854833772406, 3598647.334157851524651 ], [ 3478949.60182397486642, 3595904.894194764550775 ], [ 3481104.914144968613982, 3592900.34035613341257 ], [ 3481669.270567443687469, 3589933.782544023357332 ], [ 3481817.258698503952473, 3587104.412089026067406 ], [ 3480317.607046333141625, 3582875.984544997103512 ], [ 3480777.501258648000658, 3581133.541605331469327 ], [ 3482329.807029963470995, 3581823.779581936076283 ], [ 3482498.18889173772186, 3579727.7946658404544 ], [ 3483917.579191045835614, 3579305.282778532709926 ], [ 3486589.903755080420524, 3580175.719632734544575 ], [ 3487630.507223066873848, 3582322.365926847327501 ], [ 3488945.223805182613432, 3581950.338545810896903 ], [ 3489317.431654599029571, 3583689.182537832763046 ], [ 3494035.296389755792916, 3583880.155771884135902 ], [ 3492349.852507451083511, 3589152.26057454245165 ], [ 3494355.907655189745128, 3590235.691113482695073 ], [ 3493557.991809081751853, 3591832.237853616476059 ], [ 3493545.668741451110691, 3594398.947115052025765 ], [ 3492482.990618440322578, 3595170.91814335482195 ], [ 3493532.510777639225125, 3595749.060192378703505 ], [ 3491997.615374682936817, 3598690.319684457965195 ], [ 3492530.757811939809471, 3599784.706725825555623 ], [ 3491490.154343953356147, 3599938.855464871041477 ], [ 3492305.05754435621202, 3601595.702287130989134 ], [ 3491418.809682303573936, 3604320.864863716065884 ], [ 3492446.043679445981979, 3604826.517664989922196 ], [ 3492878.976311090402305, 3607453.744296375662088 ], [ 3493191.093899376224726, 3608329.60534151410684 ], [ 3495971.910439137369394, 3608356.305833404418081 ], [ 3496850.087638107594103, 3607139.314099912066013 ], [ 3498934.47831151727587, 3608258.901160162873566 ], [ 3499132.582477333024144, 3609487.137190318200737 ], [ 3502379.24882216565311, 3610082.756756372749805 ], [ 3504909.307076966855675, 3608240.612756241112947 ], [ 3509418.881912900134921, 3609821.421079397201538 ], [ 3514732.528562782332301, 3608629.742904064711183 ], [ 3516979.145130124874413, 3609544.756058593746275 ], [ 3517177.026656959671527, 3611990.971664036158472 ], [ 3521337.748472644481808, 3613198.544472768902779 ], [ 3522421.031833401881158, 3616744.819854630623013 ], [ 3519654.65343159576878, 3619937.744326885789633 ], [ 3520630.068205773830414, 3622533.025782122742385 ], [ 3525244.739772965665907, 3622470.402767102699727 ], [ 3527628.090070849750191, 3625022.397344329860061 ], [ 3526458.612028371542692, 3627753.192991403397173 ], [ 3527284.546990312170237, 3628987.071096503175795 ], [ 3532902.674711412750185, 3634806.751551552210003 ], [ 3533941.797630171757191, 3638236.547011040151119 ], [ 3537655.148676257114857, 3641228.534567881375551 ], [ 3540572.487439527641982, 3641683.136270288843662 ], [ 3544082.22400500299409, 3642619.437133699189872 ], [ 3546137.103881403338164, 3641977.388670711778104 ], [ 3555861.384603802580386, 3644257.188712114002556 ], [ 3559163.888805218040943, 3647094.401880691293627 ], [ 3567912.743621489498764, 3647543.524454610422254 ], [ 3572374.11711790971458, 3649270.488109302241355 ], [ 3566742.831432998180389, 3652965.308333756402135 ], [ 3570413.079572248272598, 3658179.721485171932727 ], [ 3567060.047453962266445, 3661297.958857874386013 ], [ 3566109.256551148369908, 3660703.839505766518414 ], [ 3562000.342826477251947, 3662326.121383847203106 ], [ 3563006.760078841354698, 3672132.904880181420594 ], [ 3559006.12682286510244, 3678880.489043539855629 ], [ 3549397.996857160236686, 3678734.047745142597705 ], [ 3546536.918964536394924, 3679621.443135275971144 ], [ 3546574.0774105633609, 3678737.528215027414262 ], [ 3542357.295099314302206, 3679137.580268991645426 ], [ 3540295.190587962046266, 3675155.760983049403876 ], [ 3538805.735801147297025, 3674713.578571368474513 ], [ 3539400.88319477532059, 3672496.716797123197466 ], [ 3536305.611357420682907, 3672725.844103299081326 ], [ 3536893.322609064634889, 3668242.300155991222709 ], [ 3538453.910550495609641, 3666609.288369032554328 ], [ 3538125.662767993286252, 3664884.123840717598796 ], [ 3535373.922879226971418, 3663519.505836405325681 ], [ 3536313.893527536187321, 3661951.935937880538404 ], [ 3529248.133752312976867, 3660084.172977460548282 ], [ 3527006.404110616073012, 3659973.956615075469017 ], [ 3526170.272283318452537, 3660940.192558454815298 ], [ 3521878.75006595114246, 3657444.77004275098443 ], [ 3519470.987403735984117, 3654041.898446142207831 ], [ 3517976.222677211277187, 3653511.650552073959261 ], [ 3516676.155740084126592, 3653999.475173308514059 ], [ 3516672.972002647351474, 3657135.769612743053585 ], [ 3521833.955102856270969, 3660847.332523873075843 ], [ 3519959.757891962304711, 3662797.149872817564756 ], [ 3519846.590497622266412, 3664494.470496900379658 ], [ 3522852.695422850549221, 3663905.652019646018744 ], [ 3526831.454398885369301, 3666297.570444538723677 ], [ 3526612.54462024057284, 3667800.366656668484211 ], [ 3525005.881541570648551, 3668141.935105841141194 ], [ 3523437.011430024635047, 3667074.034534382168204 ], [ 3518311.483587633352727, 3672324.007718531414866 ], [ 3517847.759984836447984, 3671283.817837225273252 ], [ 3512302.257099528796971, 3674488.154033324215561 ], [ 3511681.840181490872055, 3677041.730911852326244 ], [ 3513958.390559908002615, 3678688.54101823316887 ], [ 3506224.235166114754975, 3678885.716328918933868 ], [ 3504203.118491272442043, 3680261.977790271863341 ], [ 3512546.002256570383906, 3688839.371391818393022 ], [ 3513715.702938029076904, 3690368.576276286039501 ], [ 3513258.569449086673558, 3690622.425024113617837 ], [ 3513072.999857934191823, 3690368.576276286039501 ], [ 3512825.636817442718893, 3690658.516206942498684 ], [ 3512114.561306102667004, 3690550.00811310717836 ], [ 3511650.637328221462667, 3690803.59966147178784 ], [ 3511248.907549847383052, 3690694.842364052310586 ], [ 3510166.481349169276655, 3690948.449965104460716 ], [ 3508929.476903576869518, 3691637.128921830561012 ], [ 3507661.469979797489941, 3692072.197452385444194 ], [ 3506919.815004336647689, 3692579.723027762491256 ], [ 3506517.461836813017726, 3692507.281470163725317 ], [ 3506115.531683355104178, 3692833.369739696849138 ], [ 3505497.240967590361834, 3692906.048140534199774 ], [ 3503672.725645438302308, 3694066.076898275408894 ], [ 3500856.242340826895088, 3695365.127132676076144 ], [ 3498415.985519248992205, 3697003.21726886741817 ], [ 3495292.894941145554185, 3698749.597990967798978 ] ] ] ] } },
{ "type": "Feature", "properties": { "gid": 20, "gm_layer": "Governorate", "gm_type": "Unknown Area Type", "id_0": 69, "iso": "EGY", "name_0": "Egypt", "id_1": 3, "name": "Al Buhayrah", "hasc_1": "EG.BH", "ccn_1": 0, "cca_1": null, "type_1": "Muhafazah", "type": "Governorate", "nl_name_1": "???????", "varname_1": "Beheira|Behera|El Buhayra|Béhéra", "name_1": null, "engtype_1": null, "perimeter": null, "enclosed_a": null, "length": null, "width": null, "island_are": null, "layer": null, "shape_leng": null, "shape_area": null, "population_sum": 6672655.0 }, "geometry": { "type": "MultiPolygon", "coordinates": [ [ [ [ 3380061.948935970664024, 3693277.446867845952511 ], [ 3379767.664730109274387, 3693087.021716438233852 ], [ 3379520.312821566592902, 3691854.661251365672797 ], [ 3379613.309124175924808, 3691637.376856894232333 ], [ 3379056.800725801847875, 3690622.425024113617837 ], [ 3378345.090693364385515, 3687901.540083649102598 ], [ 3378097.950291854329407, 3687542.005834441632032 ], [ 3378097.950291854329407, 3687179.494969185441732 ], [ 3377417.866126751061529, 3685295.459325346164405 ], [ 3376954.153655902482569, 3684498.43505445914343 ], [ 3376830.366382140200585, 3683774.099873334635049 ], [ 3375995.503597037866712, 3682180.314277483150363 ], [ 3375717.149210309144109, 3681274.832144090905786 ], [ 3375315.207924902439117, 3680767.775214009452611 ], [ 3375129.638333749491721, 3680188.383632209617645 ], [ 3374944.280249630101025, 3680116.01538802171126 ], [ 3375006.062567019835114, 3679898.691595618147403 ], [ 3374511.136110953055322, 3678957.073559728916734 ], [ 3373738.066775190643966, 3678015.77551185246557 ], [ 3373645.493486646562815, 3677653.533455931581557 ], [ 3373243.340694206766784, 3677327.614690036978573 ], [ 3373181.558376816567034, 3677001.952225559391081 ], [ 3372748.625745172146708, 3676820.968652175739408 ], [ 3372594.05863220570609, 3676314.108952835667878 ], [ 3372006.336248613428324, 3675589.996702940203249 ], [ 3369161.611189187970012, 3672911.483874490018934 ], [ 3367739.23752752551809, 3671970.389031252358109 ], [ 3367306.093388849403709, 3671391.412861783523113 ], [ 3366347.87747599883005, 3670740.15103985182941 ], [ 3364059.649682997725904, 3669582.094507458619773 ], [ 3361338.277751320041716, 3668569.215100615750998 ], [ 3361183.699506404809654, 3668351.84825462475419 ], [ 3359544.764907353091985, 3668171.252660304773599 ], [ 3359452.191618809942156, 3667664.73694725567475 ], [ 3359328.404345047660172, 3667990.151782089844346 ], [ 3358524.332531099207699, 3667917.868465979583561 ], [ 3357813.257019758224487, 3667592.195072626695037 ], [ 3357658.678774842526764, 3668134.980174265801907 ], [ 3357504.111661876551807, 3667845.572551182936877 ], [ 3357256.748621385078877, 3667845.572551182936877 ], [ 3357071.179030232597142, 3668134.980174265801907 ], [ 3356731.031194164417684, 3668134.980174265801907 ], [ 3356916.82342429831624, 3668351.84825462475419 ], [ 3356545.461603011935949, 3668279.810273593757302 ], [ 3356421.885836282745004, 3667954.127287071198225 ], [ 3355401.453460027929395, 3668207.264767635148019 ], [ 3353360.588707518298179, 3668062.435523432213813 ], [ 3353144.016638179775327, 3668496.680910405702889 ], [ 3350453.858691720291972, 3668930.928621314931661 ], [ 3349525.576589944306761, 3669328.928696976043284 ], [ 3348528.710549890529364, 3669221.846704354509711 ], [ 3345626.221806692890823, 3659966.511709788814187 ], [ 3344872.889416647143662, 3660121.918533910997212 ], [ 3343694.060536942910403, 3656853.816412321291864 ], [ 3338378.076177753508091, 3656704.410377583000809 ], [ 3338057.041898254770786, 3650863.731476606335491 ], [ 3328714.531369531527162, 3632773.909434302709997 ], [ 3330314.615466295275837, 3630167.577040897216648 ], [ 3329082.275307366624475, 3628097.861076023429632 ], [ 3329772.756712909787893, 3626939.33400935633108 ], [ 3323052.666220498271286, 3623818.619198167696595 ], [ 3330256.428768457844853, 3610529.554954147897661 ], [ 3335041.174253683071584, 3605359.623675130773336 ], [ 3331174.313629793934524, 3601502.301501157227904 ], [ 3335183.44056291738525, 3597846.501628840342164 ], [ 3324753.817282953765243, 3586860.32622975576669 ], [ 3332846.165402272716165, 3579531.94486956205219 ], [ 3308296.922625428065658, 3567757.984188274480402 ], [ 3298708.752244422212243, 3537369.88452378148213 ], [ 3377192.588873232714832, 3487781.79137424333021 ], [ 3380463.033061299007386, 3492676.437602802645415 ], [ 3417680.645397450309247, 3532857.814911540597677 ], [ 3393672.20383882895112, 3547171.788491980172694 ], [ 3398464.585841123014688, 3565216.435618426185101 ], [ 3411720.466276989784092, 3566547.143998845014721 ], [ 3413767.286622256040573, 3563918.130859406664968 ], [ 3409357.509709818754345, 3556697.184429942630231 ], [ 3416971.696088384371251, 3552788.104348179884255 ], [ 3420603.516739412676543, 3559371.465185030829161 ], [ 3428310.910927619319409, 3558983.126913793385029 ], [ 3429604.610389873385429, 3560184.123624743428081 ], [ 3428255.496085103135556, 3561996.312855002470315 ], [ 3428731.32011654926464, 3564269.914580930490047 ], [ 3430792.567467823624611, 3565540.160845261532813 ], [ 3432649.777324422262609, 3566104.872190782800317 ], [ 3431973.945563866756856, 3568056.645978674292564 ], [ 3433818.631977751385421, 3571396.632737793494016 ], [ 3434066.841046373359859, 3573723.702668740414083 ], [ 3431098.74059530114755, 3573424.660501782782376 ], [ 3430238.61941773770377, 3574848.948865018785 ], [ 3432819.851242455653846, 3578957.75857869675383 ], [ 3430485.336805182509124, 3579084.534290484618396 ], [ 3427969.705556388944387, 3582806.898910652846098 ], [ 3428507.100398193579167, 3584213.004386445507407 ], [ 3427215.738645246252418, 3586802.333247582893819 ], [ 3428785.888930936343968, 3590115.713713899254799 ], [ 3428969.755333879496902, 3591834.95614871615544 ], [ 3424443.415782632771879, 3596330.686371314805001 ], [ 3427468.623132481705397, 3598235.061392067465931 ], [ 3428239.577397919259965, 3600518.461924794130027 ], [ 3426728.459838197100908, 3602013.773296635132283 ], [ 3424407.737885833252221, 3601277.961111930664629 ], [ 3423594.114859574008733, 3603300.706959170754999 ], [ 3430016.737408688757569, 3609697.794104616157711 ], [ 3427933.827284506522119, 3610442.763414768502116 ], [ 3425398.024943981319666, 3608986.246669734362513 ], [ 3424571.655836026184261, 3609747.247339766938239 ], [ 3427791.13796120788902, 3615234.860611880198121 ], [ 3423846.14218673016876, 3617145.837753322906792 ], [ 3424578.457456913776696, 3619617.796127867419273 ], [ 3426831.218860147986561, 3623660.942956980317831 ], [ 3422791.100580788217485, 3628390.297715704888105 ], [ 3424268.454938952811062, 3631788.084875824861228 ], [ 3421910.797179543878883, 3633961.478230483829975 ], [ 3419448.888717007357627, 3635148.160767151042819 ], [ 3420278.230055365711451, 3641168.792985703330487 ], [ 3417580.001445824746042, 3643756.867596362251788 ], [ 3410698.976365572307259, 3648926.95900941034779 ], [ 3407283.939290914684534, 3655357.079331481829286 ], [ 3402573.933711807709187, 3658926.625025532674044 ], [ 3399941.105303106829524, 3657400.096840545535088 ], [ 3397930.808882768731564, 3658372.091145084705204 ], [ 3398137.395593783352524, 3662426.191623317543417 ], [ 3396010.536534636281431, 3662434.874743487220258 ], [ 3395138.303796474356204, 3664485.525515662971884 ], [ 3397257.737845586147159, 3667682.123618169687688 ], [ 3397663.697764610406011, 3675229.337971593253314 ], [ 3393488.749318001326174, 3678130.129487075377256 ], [ 3391128.119328188244253, 3676422.243346366100013 ], [ 3389429.951628086157143, 3681823.190681620035321 ], [ 3386690.100660936906934, 3682146.986299986951053 ], [ 3387630.494323311373591, 3686911.538641730789095 ], [ 3386900.939776498824358, 3689576.949103564955294 ], [ 3382733.215964842587709, 3690214.521165975369513 ], [ 3380061.948935970664024, 3693277.446867845952511 ] ] ] ] } },
{ "type": "Feature", "properties": { "gid": 21, "gm_layer": "Governorate", "gm_type": "Unknown Area Type", "id_0": 69, "iso": "EGY", "name_0": "Egypt", "id_1": 20, "name": "Bur Sa`id", "hasc_1": "EG.BS", "ccn_1": 0, "cca_1": null, "type_1": "Muhafazah", "type": "Governorate", "nl_name_1": "?????? ???????", "varname_1": "Bur Said|Canal|Port Said|Port-Saïd", "name_1": null, "engtype_1": null, "perimeter": null, "enclosed_a": null, "length": null, "width": null, "island_are": null, "layer": null, "shape_leng": null, "shape_area": null, "population_sum": 747110.0 }, "geometry": { "type": "MultiPolygon", "coordinates": [ [ [ [ 3569227.460203605238348, 3680449.478668441995978 ], [ 3568614.267920520156622, 3679026.684411691501737 ], [ 3559006.12682286510244, 3678880.489043539855629 ], [ 3563006.760078841354698, 3672132.904880181420594 ], [ 3562000.342826477251947, 3662326.121383847203106 ], [ 3566109.256551148369908, 3660703.839505766518414 ], [ 3567060.047453962266445, 3661297.958857874386013 ], [ 3570413.079572248272598, 3658179.721485171932727 ], [ 3566742.831432998180389, 3652965.308333756402135 ], [ 3572374.11711790971458, 3649270.488109302241355 ], [ 3567912.743621489498764, 3647543.524454610422254 ], [ 3576359.03206178592518, 3645444.612825802993029 ], [ 3581902.842890833038837, 3641714.379379857797176 ], [ 3585444.427962624002248, 3624580.282057668082416 ], [ 3582413.699166031554341, 3622658.999434950295836 ], [ 3582061.66240834724158, 3619429.245647994801402 ], [ 3597482.4063775180839, 3619895.437833533622324 ], [ 3597560.964542170520872, 3621273.80070825247094 ], [ 3622015.719335230067372, 3633674.858498291112483 ], [ 3623434.052099376451224, 3643233.261458053719252 ], [ 3621331.182390494737774, 3645219.229668954387307 ], [ 3619043.166104526259005, 3647024.971501147840172 ], [ 3619012.174758289474994, 3647241.962237067520618 ], [ 3618672.026922221295536, 3647458.215652759186924 ], [ 3618672.026922221295536, 3647711.426277154125273 ], [ 3618517.448677306063473, 3647639.01484164269641 ], [ 3618517.448677306063473, 3648686.375996691174805 ], [ 3617806.161658932920545, 3649589.474047377239913 ], [ 3617682.5858922037296, 3649481.328190349973738 ], [ 3617651.59454596741125, 3649842.221218241378665 ], [ 3617528.018779237288982, 3649878.439850327558815 ], [ 3617497.016301051247865, 3649697.867942130658776 ], [ 3617435.022476627957076, 3650059.274503695778549 ], [ 3616785.729282678104937, 3650890.029541075695306 ], [ 3616043.439786119852215, 3651540.488782650325447 ], [ 3614744.864530169405043, 3653527.534241239540279 ], [ 3612176.156148165464401, 3655912.713553023058921 ], [ 3611095.845017812680453, 3656527.199629370588809 ], [ 3611003.271729269064963, 3657033.256990772206336 ], [ 3610632.121415015310049, 3657467.113211079966277 ], [ 3609766.267283676192164, 3657792.258394400123507 ], [ 3609519.115750217344612, 3658117.906679756939411 ], [ 3608838.831210029777139, 3658334.611229982227087 ], [ 3607539.821808064822108, 3659310.635828825645149 ], [ 3604880.666339792311192, 3660829.213574432302266 ], [ 3604664.094270453322679, 3660792.962739141192287 ], [ 3604323.946434386074543, 3661082.204423478338867 ], [ 3604385.94025880843401, 3661660.942500904202461 ], [ 3604200.370667655952275, 3661588.449053913354874 ], [ 3603736.658196808304638, 3661950.204588588792831 ], [ 3603643.661894198507071, 3661696.948562754318118 ], [ 3603551.08860565489158, 3662022.452829972375184 ], [ 3603365.507882553618401, 3661950.204588588792831 ], [ 3602376.07798448484391, 3662528.736148807685822 ], [ 3602004.927670231554657, 3662456.237588463816792 ], [ 3602004.927670231554657, 3662130.956166075542569 ], [ 3602159.505915147252381, 3662058.459949762094766 ], [ 3601850.360557264648378, 3661950.204588588792831 ], [ 3601757.787268721032888, 3661516.437670559622347 ], [ 3601973.936323994304985, 3661479.703175648115575 ], [ 3601942.933845808729529, 3661190.452148308046162 ], [ 3601788.355600892566144, 3661009.961702568922192 ], [ 3601664.790966112166643, 3660034.036644909530878 ], [ 3601417.639432652387768, 3659708.077369119040668 ], [ 3601541.215199382510036, 3659346.88229873823002 ], [ 3601293.640651857946068, 3658732.255519851576537 ], [ 3601108.071060706395656, 3659346.88229873823002 ], [ 3601262.638173672836274, 3659527.608660206664354 ], [ 3601201.067363314796239, 3659889.303621851839125 ], [ 3601541.215199382510036, 3660756.972338639665395 ], [ 3601695.782312348950654, 3661841.455513078253716 ], [ 3601973.936323994304985, 3662058.459949762094766 ], [ 3601819.358079078607261, 3662383.973781551700085 ], [ 3601942.933845808729529, 3662492.480306111741811 ], [ 3601942.933845808729529, 3663866.671002410817891 ], [ 3602283.081681876443326, 3665241.26266564335674 ], [ 3602128.503436961211264, 3665241.26266564335674 ], [ 3601973.936323994304985, 3664698.60533082857728 ], [ 3601726.784790534991771, 3663143.305212213657796 ], [ 3601139.07353889150545, 3663071.05038792360574 ], [ 3601108.071060706395656, 3662890.271978818345815 ], [ 3600706.352414280176163, 3663179.56297316076234 ], [ 3600860.919527246616781, 3663505.106472827028483 ], [ 3600551.7741693649441, 3663360.332614871207625 ], [ 3600273.208275604061782, 3663685.880899208132178 ], [ 3600366.204578212462366, 3664373.030237246770412 ], [ 3600180.634987059980631, 3664264.507121583912522 ], [ 3599685.920038026291877, 3664445.292711070738733 ], [ 3598974.633019652683288, 3664915.165391980204731 ], [ 3598603.482705399394035, 3665711.165767 ], [ 3598974.633019652683288, 3666145.315058 ], [ 3598572.480227213352919, 3666506.957236701622605 ], [ 3598479.90693867020309, 3666868.610056203790009 ], [ 3597799.622398482635617, 3667013.672668299172074 ], [ 3597521.056504721287638, 3667375.340399131644517 ], [ 3597737.617442110553384, 3667954.127287071198225 ], [ 3598294.337347516790032, 3668460.654930206947029 ], [ 3598417.913114245980978, 3668894.666917364113033 ], [ 3598758.060950314626098, 3669148.071258382871747 ], [ 3600397.207056398503482, 3671572.316368782892823 ], [ 3600335.213231976144016, 3671753.457046252675354 ], [ 3597985.191989635583013, 3668351.84825462475419 ], [ 3597676.04663175297901, 3668388.121380913071334 ], [ 3597242.902493075933307, 3668134.980174265801907 ], [ 3595202.037740567233413, 3668243.537467071320862 ], [ 3594243.599188734777272, 3668678.023701284546405 ], [ 3594058.02959758322686, 3668388.121380913071334 ], [ 3593748.884239700622857, 3668320.550558834336698 ], [ 3592573.873618530109525, 3668822.612728456035256 ], [ 3590996.72133686998859, 3668858.639770082663745 ], [ 3590316.436796681955457, 3669256.884986247867346 ], [ 3587100.561423003207892, 3669871.790537960361689 ], [ 3586574.843995782546699, 3670197.263842476066202 ], [ 3585894.55945559637621, 3670161.48037525312975 ], [ 3585832.554499224759638, 3670414.168335542082787 ], [ 3585368.842028376180679, 3670667.851539519615471 ], [ 3583699.11645817104727, 3671282.827743303030729 ], [ 3583204.39037718763575, 3671246.793589865323156 ], [ 3582616.679125544149429, 3671680.904047551099211 ], [ 3581936.39458535797894, 3672839.158556788694113 ], [ 3581008.958511711563915, 3672947.757442363537848 ], [ 3580514.232430729083717, 3673490.531746318563819 ], [ 3579493.800054473336786, 3674033.812184253707528 ], [ 3579369.801273678895086, 3674359.161301183514297 ], [ 3578194.801784458570182, 3675046.894955455325544 ], [ 3577824.0744842691347, 3675517.916236570104957 ], [ 3577514.506112322676927, 3675517.916236570104957 ], [ 3576432.502925709355623, 3676314.108952835667878 ], [ 3575071.922713387291878, 3676929.355152342934161 ], [ 3574268.062406470999122, 3677581.193209772929549 ], [ 3572845.47723777545616, 3678196.763687041122466 ], [ 3572536.331879894249141, 3678160.461559404619038 ], [ 3572010.614452674053609, 3678667.410624700598419 ], [ 3571082.75536496238783, 3679102.279116102959961 ], [ 3570928.188251995947212, 3679355.398974355775863 ], [ 3570155.319291316904128, 3679717.430595537647605 ], [ 3569227.460203605238348, 3680449.478668441995978 ] ] ] ] } },
{ "type": "Feature", "properties": { "gid": 22, "gm_layer": "Governorate", "gm_type": "Unknown Area Type", "id_0": 69, "iso": "EGY", "name_0": "Egypt", "id_1": 23, "name": "Kafr ash Shaykh", "hasc_1": "EG.KS", "ccn_1": 0, "cca_1": null, "type_1": "Muhafazah", "type": "Governorate", "nl_name_1": "?????? ??? ?????", "varname_1": "Kafr-El-Sheikh|Kafr ash Shaikh|Kafr ash-Shayk|Kafr el Sheik|Kafr el Sheikh", "name_1": null, "engtype_1": null, "perimeter": null, "enclosed_a": null, "length": null, "width": null, "island_are": null, "layer": null, "shape_leng": null, "shape_area": null, "population_sum": 3734099.0 }, "geometry": { "type": "MultiPolygon", "coordinates": [ [ [ [ 3462391.851707790978253, 3711299.396513890475035 ], [ 3457598.401038385462016, 3711159.297137159388512 ], [ 3457104.109103415627033, 3710936.427564249373972 ], [ 3456763.749760315287858, 3711154.304353976622224 ], [ 3455867.31616485491395, 3711081.517127005849034 ], [ 3452125.723363955039531, 3710101.095074987504631 ], [ 3450950.501235752366483, 3709702.014185960404575 ], [ 3450517.780111141502857, 3709375.487743598408997 ], [ 3450115.426943617872894, 3709484.16338608879596 ], [ 3450146.640928836073726, 3709302.711151052732021 ], [ 3449806.704599800519645, 3709193.775767888873816 ], [ 3449404.562939310446382, 3709302.711151052732021 ], [ 3448600.279618327971548, 3709085.102717039640993 ], [ 3448352.916577836498618, 3709302.711151052732021 ], [ 3446777.890498450025916, 3708533.532676595728844 ], [ 3445941.324525138828903, 3708504.118225994519889 ], [ 3445601.187821019906551, 3708068.463379653636366 ], [ 3445199.03502858011052, 3708141.232596689369529 ], [ 3444549.752966579049826, 3707850.876998105086386 ], [ 3443900.459772629197687, 3707306.588332763407379 ], [ 3442941.809713764581829, 3707306.588332763407379 ], [ 3442725.237644426058978, 3707052.39232399687171 ], [ 3441890.374859324190766, 3706762.062677275855094 ], [ 3439942.294902390800416, 3706326.47012706194073 ], [ 3439542.490951207000762, 3705927.512893177103251 ], [ 3439076.429639102425426, 3705927.264667638577521 ], [ 3437746.851904966402799, 3705382.813713494222611 ], [ 3437375.712722661439329, 3705491.950175058096647 ], [ 3437313.919273321516812, 3705273.926441482268274 ], [ 3435736.989630642347038, 3705092.523843758739531 ], [ 3435582.411385726649314, 3704911.137009403202683 ], [ 3434992.362424777355045, 3704947.257398900575936 ], [ 3434685.554776201955974, 3704657.239165640901774 ], [ 3434129.046377827879041, 3704729.491610064636916 ], [ 3432923.04441042104736, 3704040.334901844616979 ], [ 3432706.472341082524508, 3704185.342348568607122 ], [ 3432582.896574353333563, 3703931.459621885791421 ], [ 3432335.533533861860633, 3704040.334901844616979 ], [ 3432211.968899080529809, 3703786.207013089675456 ], [ 3431222.316362030804157, 3703750.077001656871289 ], [ 3431160.534044640604407, 3703568.958319484721869 ], [ 3430232.886463962029666, 3703314.59208377962932 ], [ 3430170.881507589947432, 3703096.842396237421781 ], [ 3429985.523423470091075, 3703241.838621398434043 ], [ 3428748.307470844592899, 3702516.391485610976815 ], [ 3428253.8040288425982, 3702407.529812839347869 ], [ 3428037.443466537166387, 3702552.765998397022486 ], [ 3427882.865221621003002, 3702443.904000913258642 ], [ 3427913.656192774884403, 3702226.182921289466321 ], [ 3427418.941243740264326, 3702262.543507887981832 ], [ 3427171.578203248791397, 3701936.216346841305494 ], [ 3426862.221338334027678, 3702044.577519516926259 ], [ 3426305.712939960416406, 3701863.236024891026318 ], [ 3425841.788962079677731, 3701609.401641683187336 ], [ 3425873.002947297878563, 3701472.639391289558262 ], [ 3425223.498246315401047, 3701319.201598577201366 ], [ 3425192.495768129359931, 3701065.378536650445312 ], [ 3424945.132727637887001, 3701210.350611077155918 ], [ 3423584.563647264614701, 3700557.50014021480456 ], [ 3422595.122617246117443, 3700448.655949126463383 ], [ 3421791.262310329824686, 3699904.449558685999364 ], [ 3421420.334635057952255, 3699904.449558685999364 ], [ 3421203.551058686338365, 3699687.00883947731927 ], [ 3420832.400744432583451, 3699759.493001306895167 ], [ 3419379.247243566438556, 3698925.422325302381068 ], [ 3418977.317090108525008, 3698889.058626438491046 ], [ 3418977.317090108525008, 3698743.866050625219941 ], [ 3418544.172951431944966, 3698671.400977759156376 ], [ 3418359.026374344713986, 3698816.34461064171046 ], [ 3417802.09496190585196, 3698453.499137195758522 ], [ 3415482.875822667498142, 3697655.864565810188651 ], [ 3415204.721811023075134, 3697801.044200027361512 ], [ 3415173.730464785825461, 3697547.046250843442976 ], [ 3414710.006861987989396, 3697365.77158361626789 ], [ 3414338.867679683491588, 3697474.588282750919461 ], [ 3414338.867679683491588, 3697220.597125650849193 ], [ 3413967.717365429736674, 3697365.77158361626789 ], [ 3413782.570788342505693, 3697075.672439408954233 ], [ 3413503.793387548532337, 3697148.128039938863367 ], [ 3413256.641854089684784, 3696894.39171612681821 ], [ 3412730.924426869489253, 3696858.047121874522418 ], [ 3412576.357313902582973, 3696676.521592349279672 ], [ 3412328.994273411110044, 3696785.580188068095595 ], [ 3412050.639886682387441, 3696422.79506883630529 ], [ 3409143.909870884381235, 3695553.603681425563991 ], [ 3408896.546830392908305, 3695697.753198069985956 ], [ 3408896.546830392908305, 3695443.798997274599969 ], [ 3408618.192443664185703, 3695588.952332362066954 ], [ 3408587.401472510769963, 3695335.248403983656317 ], [ 3408432.834359544329345, 3695443.798997274599969 ], [ 3407971.236959021072835, 3695154.006568098906428 ], [ 3407597.760067409835756, 3695298.908449775539339 ], [ 3407504.964139884803444, 3695081.30174048896879 ], [ 3407041.251669035758823, 3694936.154438296798617 ], [ 3406577.316559205763042, 3695081.30174048896879 ], [ 3406422.749446239788085, 3694718.567243942059577 ], [ 3405371.737605864182115, 3694827.360356633085757 ], [ 3405000.598423559218645, 3694682.477121248375624 ], [ 3405031.378262763377279, 3694464.881393206305802 ], [ 3402650.365674186032265, 3693630.924325750675052 ], [ 3402526.578400423750281, 3693667.272369774524122 ], [ 3402681.368152372073382, 3693884.840840181801468 ], [ 3401660.51276205200702, 3693703.868498923722655 ], [ 3400516.504619068000466, 3693159.701625897083431 ], [ 3399063.35111820185557, 3692906.048140534199774 ], [ 3398970.354815592523664, 3692724.842337942216545 ], [ 3397393.625547996722162, 3692326.081580125261098 ], [ 3396373.193171742372215, 3692362.177793344948441 ], [ 3394734.247440742328763, 3692072.197452385444194 ], [ 3391579.954009369481355, 3692579.723027762491256 ], [ 3390992.654639841988683, 3692978.492061991710216 ], [ 3388147.929580416064709, 3693413.856318932026625 ], [ 3387560.429835805669427, 3693993.378545424900949 ], [ 3386508.994981365278363, 3694320.002456864807755 ], [ 3386447.201532025821507, 3694573.424251906573772 ], [ 3385210.197086432483047, 3694283.40448208199814 ], [ 3385148.414769042283297, 3694573.424251906573772 ], [ 3384344.120316111948341, 3694754.918524135835469 ], [ 3384189.7647101781331, 3694754.918524135835469 ], [ 3384128.193899820093066, 3694537.334558024071157 ], [ 3384282.549505753908306, 3694428.544028283562511 ], [ 3384375.545808362774551, 3694610.271090959664434 ], [ 3385024.627495280466974, 3694066.076898275408894 ], [ 3384932.054206736385822, 3693739.70775303710252 ], [ 3385550.344922501128167, 3693413.856318932026625 ], [ 3385581.347400686237961, 3693196.04826817382127 ], [ 3385859.701787414960563, 3693050.923362196423113 ], [ 3385766.916991838719696, 3692906.048140534199774 ], [ 3384808.266932974103838, 3693159.701625897083431 ], [ 3383695.049761143978685, 3694428.544028283562511 ], [ 3383633.256311804056168, 3694283.40448208199814 ], [ 3384035.186465262901038, 3693884.840840181801468 ], [ 3384158.973739024251699, 3693413.856318932026625 ], [ 3384468.119096906390041, 3693196.04826817382127 ], [ 3384437.127750670071691, 3692942.146066809538752 ], [ 3384035.186465262901038, 3692978.492061991710216 ], [ 3383880.830859328620136, 3693232.395018564071506 ], [ 3382860.186976040713489, 3693812.404596474487334 ], [ 3382118.108986515551805, 3693594.837415943387896 ], [ 3381901.536917177028954, 3693304.827823795378208 ], [ 3382056.104030143469572, 3693050.923362196423113 ], [ 3381685.176354870665818, 3692797.024176142178476 ], [ 3381097.676610260736197, 3693377.261058398988098 ], [ 3381283.246201413217932, 3694791.269912508781999 ], [ 3382613.035442582331598, 3695298.908449775539339 ], [ 3383354.901925075799227, 3695117.654100198764354 ], [ 3383447.686720651574433, 3695262.555550602730364 ], [ 3383200.323680160567164, 3695697.753198069985956 ], [ 3381035.460146856028587, 3695045.210546046961099 ], [ 3380169.817522549536079, 3694029.727667775936425 ], [ 3380231.811346971895546, 3693848.74012882495299 ], [ 3379891.663510903716087, 3693486.04222728125751 ], [ 3379891.663510903716087, 3693269.981717954855412 ], [ 3380061.948935970664024, 3693277.446867845952511 ], [ 3382733.215964842587709, 3690214.521165975369513 ], [ 3386900.939776498824358, 3689576.949103564955294 ], [ 3387630.494323311373591, 3686911.538641730789095 ], [ 3386690.100660936906934, 3682146.986299986951053 ], [ 3389429.951628086157143, 3681823.190681620035321 ], [ 3391128.119328188244253, 3676422.243346366100013 ], [ 3393488.749318001326174, 3678130.129487075377256 ], [ 3397663.697764610406011, 3675229.337971593253314 ], [ 3397257.737845586147159, 3667682.123618169687688 ], [ 3395138.303796474356204, 3664485.525515662971884 ], [ 3396010.536534636281431, 3662434.874743487220258 ], [ 3398137.395593783352524, 3662426.191623317543417 ], [ 3397930.808882768731564, 3658372.091145084705204 ], [ 3399941.105303106829524, 3657400.096840545535088 ], [ 3402573.933711807709187, 3658926.625025532674044 ], [ 3407283.939290914684534, 3655357.079331481829286 ], [ 3410698.976365572307259, 3648926.95900941034779 ], [ 3417580.001445824746042, 3643756.867596362251788 ], [ 3420278.230055365711451, 3641168.792985703330487 ], [ 3419448.888717007357627, 3635148.160767151042819 ], [ 3421910.797179543878883, 3633961.478230483829975 ], [ 3424568.260591557715088, 3636985.131027078256011 ], [ 3424440.020538162905723, 3638229.608930935151875 ], [ 3427110.430406956002116, 3638452.149140285328031 ], [ 3428641.507551378104836, 3634584.276895846240222 ], [ 3431094.710829734336585, 3635287.395146917551756 ], [ 3434715.488587276078761, 3634158.41949719376862 ], [ 3434908.917334478814155, 3636447.196953766513616 ], [ 3436357.395416731480509, 3636687.294951319228858 ], [ 3436468.659247779753059, 3635551.995444239582866 ], [ 3437804.815963822416961, 3634875.385945764370263 ], [ 3439663.517501597292721, 3635466.769370048306882 ], [ 3440454.631726817693561, 3634241.415535080246627 ], [ 3440999.039696542080492, 3636597.345345113426447 ], [ 3445193.736220818012953, 3639395.377936577890068 ], [ 3447804.901856610551476, 3637656.672067922074348 ], [ 3448759.945163973141462, 3638600.333932809066027 ], [ 3450988.505709908902645, 3638532.43246510066092 ], [ 3453721.555056171491742, 3637299.096935282461345 ], [ 3456876.91715465625748, 3642154.871444117277861 ], [ 3456876.282633557915688, 3649734.827421866357327 ], [ 3457846.398599974345416, 3653956.54468707414344 ], [ 3459628.434404440689832, 3651947.096885671373457 ], [ 3460579.013800221960992, 3652498.11576925450936 ], [ 3467037.737260201014578, 3650875.137702430598438 ], [ 3470146.812714413739741, 3653520.587563852313906 ], [ 3474860.21353798918426, 3652950.661143570207059 ], [ 3475559.823141777422279, 3651667.993792938999832 ], [ 3480946.729148551356047, 3652747.956745106261224 ], [ 3480984.733622708357871, 3655051.592019950039685 ], [ 3482129.164779757615179, 3654067.461758324410766 ], [ 3482902.879768567625433, 3654595.001488171052188 ], [ 3480078.103161891922355, 3659636.090002380311489 ], [ 3479981.923121846280992, 3661560.631157568655908 ], [ 3482321.324484765063971, 3665971.458172830287367 ], [ 3482295.42043925775215, 3668151.872589809820056 ], [ 3478945.772433491423726, 3694614.252070304471999 ], [ 3486537.884157032705843, 3689742.190666700247675 ], [ 3486268.446461516432464, 3693113.397334810346365 ], [ 3488673.659907392691821, 3697179.003394967410713 ], [ 3492137.532842661719769, 3699198.61705452343449 ], [ 3495292.894941145554185, 3698780.477396987378597 ], [ 3494365.247360466979444, 3699505.45429161330685 ], [ 3492262.589158618357033, 3700339.812729089986533 ], [ 3491272.947753517422825, 3701101.500594912562519 ], [ 3487933.496613108552992, 3702770.492908908519894 ], [ 3486758.274484905414283, 3703604.826553910505027 ], [ 3483511.619272021111101, 3704802.240888023283333 ], [ 3481996.460814783349633, 3705637.223112597130239 ], [ 3479275.300390137825161, 3706362.856011248193681 ], [ 3477141.862349085044116, 3707197.435616290196776 ], [ 3474791.41809267969802, 3707596.682697629090399 ], [ 3473894.772990186233073, 3708250.145498068537563 ], [ 3473461.840358542278409, 3708250.145498068537563 ], [ 3472101.260146219749004, 3708867.014668409246951 ], [ 3470833.475861422717571, 3708903.159856025595218 ], [ 3468421.672301691491157, 3709629.483942735008895 ], [ 3466473.592344758100808, 3709992.413925778586417 ], [ 3465143.791971640195698, 3710573.221117509063333 ], [ 3464989.22485867375508, 3710900.02801286848262 ], [ 3464680.291007824242115, 3710791.091406201012433 ], [ 3464525.289748843759298, 3710972.57889608759433 ], [ 3462391.851707790978253, 3711299.396513890475035 ] ] ] ] } },
{ "type": "Feature", "properties": { "gid": 23, "gm_layer": "Governorate", "gm_type": "Unknown Area Type", "id_0": 69, "iso": "EGY", "name_0": "Egypt", "id_1": 6, "name": "Al Iskandariyah", "hasc_1": "EG.IK", "ccn_1": 0, "cca_1": null, "type_1": "Muhafazah", "type": "Governorate", "nl_name_1": "?????? ??????????", "varname_1": "Alexandria|Alexandrie|El Iskandariya", "name_1": null, "engtype_1": null, "perimeter": null, "enclosed_a": null, "length": null, "width": null, "island_are": null, "layer": null, "shape_leng": null, "shape_area": null, "population_sum": 5206728.0 }, "geometry": { "type": "MultiPolygon", "coordinates": [ [ [ [ 3348474.776256601791829, 3675826.388678951654583 ], [ 3347330.768113617785275, 3675662.585848699323833 ], [ 3346495.905328514520079, 3675046.894955455325544 ], [ 3346031.970218684524298, 3674359.161301183514297 ], [ 3344819.389269371982664, 3674040.522878733463585 ], [ 3344887.750568668358028, 3673816.348578113131225 ], [ 3344424.038097819779068, 3673526.80702563142404 ], [ 3344980.54649619339034, 3673128.683886431157589 ], [ 3345011.537842430640012, 3672802.872280694078654 ], [ 3344269.459852903615683, 3672006.672846572473645 ], [ 3344238.468506667297333, 3671753.457046252675354 ], [ 3343651.169137139804661, 3670993.345942996907979 ], [ 3342847.097323190886527, 3670561.513426268938929 ], [ 3342351.959360091947019, 3670522.993280941620469 ], [ 3341826.66494693653658, 3671174.491106386762112 ], [ 3341579.301906445063651, 3670559.272819307167083 ], [ 3341641.095355784054846, 3670414.168335542082787 ], [ 3341950.240713666193187, 3670486.713849755935371 ], [ 3341850.019776104483753, 3670161.48037525312975 ], [ 3341331.738490869291127, 3670595.552464853506535 ], [ 3340899.017366257496178, 3670522.993280941620469 ], [ 3340929.808337411377579, 3670197.263842476066202 ], [ 3340620.874486561398953, 3670233.542418591212481 ], [ 3340465.873227580916137, 3670016.380591440945864 ], [ 3340772.257862091995776, 3669618.371266535948962 ], [ 3340527.867052003741264, 3669075.768104143906385 ], [ 3339878.584990003146231, 3669003.23092306451872 ], [ 3339816.580033631529659, 3668496.680910405702889 ], [ 3339352.867562782950699, 3668026.423840582370758 ], [ 3338115.86311718961224, 3667954.127287071198225 ], [ 3337961.284872274380177, 3667592.195072626695037 ], [ 3338115.86311718961224, 3667375.340399131644517 ], [ 3338085.072146036662161, 3667049.694406433962286 ], [ 3337435.567445053718984, 3666651.768150156363845 ], [ 3337064.639769781846553, 3666073.0425915424712 ], [ 3336538.92234256118536, 3665819.949065736029297 ], [ 3336167.983535339590162, 3665386.058669702615589 ], [ 3336044.418900559190661, 3664951.6757732052356 ], [ 3335734.627889631316066, 3664879.410323427990079 ], [ 3335611.274761882610619, 3664481.306924150325358 ], [ 3335116.559812848456204, 3664083.711169897578657 ], [ 3334529.048936288803816, 3664119.724324052687734 ], [ 3334343.267838104162365, 3663903.178270725999027 ], [ 3334405.261662526521832, 3663540.870565146673471 ], [ 3334065.124958407599479, 3663613.870256549678743 ], [ 3333941.549191678408533, 3663215.807821982074529 ], [ 3333570.398877424187958, 3663215.807821982074529 ], [ 3333106.474899543914944, 3662528.736148807685822 ], [ 3332549.966501169838011, 3662275.468213999178261 ], [ 3332178.82731886440888, 3661733.202061200514436 ], [ 3331158.183435577433556, 3661118.456110801082104 ], [ 3330540.104226846713573, 3660467.738297879695892 ], [ 3329674.238963558338583, 3659997.293558903504163 ], [ 3329086.7392189479433, 3660539.977835929021239 ], [ 3328684.586426508147269, 3660575.980618075933307 ], [ 3329210.303853727411479, 3659925.291485253721476 ], [ 3328437.234517965000123, 3658949.205143612343818 ], [ 3327508.72977720759809, 3658832.296542058233172 ], [ 3327014.871988252270967, 3659129.67838829709217 ], [ 3326581.727849575225264, 3659780.57275618892163 ], [ 3326643.933181030675769, 3660250.514608963392675 ], [ 3326983.86951006622985, 3660467.738297879695892 ], [ 3326860.293743337038904, 3660648.220791469793767 ], [ 3326551.148385454434901, 3660359.002322389744222 ], [ 3325994.428480048663914, 3660395.251879487652332 ], [ 3325716.285600352101028, 3660214.512778849340975 ], [ 3325963.64864084450528, 3659852.560967875178903 ], [ 3325963.64864084450528, 3659418.880989260040224 ], [ 3325004.998581979889423, 3659238.403505051974207 ], [ 3324881.211308217607439, 3658949.205143612343818 ], [ 3324231.9181142677553, 3658804.497888443525881 ], [ 3324386.496359182987362, 3658660.026589319109917 ], [ 3324324.925548824947327, 3658370.347285392694175 ], [ 3323149.703420622739941, 3657197.071995794307441 ], [ 3323706.200687047559768, 3656780.102095365524292 ], [ 3323551.633574080653489, 3657286.169847527053207 ], [ 3323860.77893196279183, 3657033.256990772206336 ], [ 3323984.566205725073814, 3657575.329153241589665 ], [ 3324479.28115475922823, 3657539.335144862998277 ], [ 3324510.283632945269346, 3657828.500394796952605 ], [ 3324728.970772608648986, 3657932.242897229269147 ], [ 3325035.789553132839501, 3658515.30971876019612 ], [ 3325406.92873543780297, 3658515.30971876019612 ], [ 3325623.500804776325822, 3658081.676841193810105 ], [ 3325840.072874114383012, 3658262.618879747577012 ], [ 3325932.646162658464164, 3658117.906679756939411 ], [ 3325313.932432828936726, 3657683.793296178802848 ], [ 3324788.426512641366571, 3656852.580246263649315 ], [ 3325097.78337755613029, 3656418.498446447309107 ], [ 3325283.352968708612025, 3656490.974469746928662 ], [ 3325252.361622471362352, 3656707.884613340720534 ], [ 3325499.713531013578176, 3656780.102095365524292 ], [ 3325716.285600352101028, 3656418.498446447309107 ], [ 3325066.780899370089173, 3655442.937201247084886 ], [ 3324726.644195251166821, 3655623.606283583212644 ], [ 3324757.635541487950832, 3655406.962433790788054 ], [ 3324015.346044929232448, 3654720.066190894693136 ], [ 3323829.987960809841752, 3654684.340723452158272 ], [ 3323829.987960809841752, 3655009.165271253790706 ], [ 3323551.633574080653489, 3655009.165271253790706 ], [ 3323366.063982928171754, 3653889.053061343729496 ], [ 3322933.131351284217089, 3653274.69852012116462 ], [ 3322160.050883572082967, 3652840.755739708896726 ], [ 3321634.544963384512812, 3652010.11642352771014 ], [ 3321356.19057665579021, 3651865.477632666006684 ], [ 3321139.618507317267358, 3652010.11642352771014 ], [ 3320799.470671249553561, 3651287.446683090180159 ], [ 3320273.964751061517745, 3650853.807938660494983 ], [ 3319933.828046943061054, 3650781.378058813046664 ], [ 3319624.471182028297335, 3650420.444549335632473 ], [ 3319191.538550383877009, 3650492.378098429180682 ], [ 3318542.245356434490532, 3650095.233670188114047 ], [ 3318542.245356434490532, 3650998.434864678420126 ], [ 3318325.884794128593057, 3650890.029541075695306 ], [ 3318170.894667096901685, 3650420.444549335632473 ], [ 3317552.603951333090663, 3650492.378098429180682 ], [ 3317645.600253941956908, 3651251.471034358721226 ], [ 3317460.030662789475173, 3651504.265269811730832 ], [ 3316996.09555295901373, 3650925.744015147909522 ], [ 3316872.519786229822785, 3650456.404768683947623 ], [ 3316655.736209859140217, 3650348.251311540137976 ], [ 3316779.734990653581917, 3650998.434864678420126 ], [ 3317150.673797875177115, 3651431.81856333091855 ], [ 3317212.667622297536582, 3651793.275935833808035 ], [ 3316841.528439992573112, 3651937.66674517095089 ], [ 3316594.165399501100183, 3651395.855499961413443 ], [ 3316315.811012772843242, 3651251.471034358721226 ], [ 3316223.015085246879607, 3651504.265269811730832 ], [ 3315913.869727365206927, 3651504.265269811730832 ], [ 3315882.878381127957255, 3651793.275935833808035 ], [ 3316408.384301316458732, 3651940.89250276517123 ], [ 3316687.161702109966427, 3652335.117651204578578 ], [ 3316161.232767856679857, 3652299.138945864047855 ], [ 3315790.09358555264771, 3651901.702206565532833 ], [ 3315357.3724609403871, 3651757.06468734331429 ], [ 3315419.366285363212228, 3651107.088259088806808 ], [ 3315048.015596025623381, 3650203.384908977430314 ], [ 3313625.864573345985264, 3648505.821533180773258 ], [ 3313161.717956483364105, 3648252.841671049594879 ], [ 3313099.713000111281872, 3647927.934972605668008 ], [ 3312512.424762533511966, 3647747.391604855656624 ], [ 3312388.84899580385536, 3647422.511214176658541 ], [ 3311337.425273311790079, 3646736.059502744115889 ], [ 3310966.274959057569504, 3646158.268789673689753 ], [ 3310285.778911838773638, 3645905.584047617856413 ], [ 3308956.40155278518796, 3644822.007880696561188 ], [ 3308090.547421446535736, 3644533.147421424742788 ], [ 3307935.969176531303674, 3644244.059735959861428 ], [ 3307688.617267988622189, 3644208.104611312504858 ], [ 3306019.103204816114157, 3642836.103525858838111 ], [ 3305153.026434495579451, 3641789.238399656489491 ], [ 3303205.157984594348818, 3640128.514410219620913 ], [ 3303004.504602440167218, 3639984.261630907189101 ], [ 3302772.013845918234438, 3640128.514410219620913 ], [ 3302586.444254765752703, 3639515.338023494463414 ], [ 3301659.008181120269001, 3638793.399098060559481 ], [ 3301256.655013596639037, 3638684.853980502579361 ], [ 3299277.784085509832948, 3637025.027523310855031 ], [ 3298721.275687136221677, 3636807.96927306894213 ], [ 3298442.921300407499075, 3636374.83849899796769 ], [ 3297700.843310881406069, 3636194.710653832182288 ], [ 3297453.480270389933139, 3635761.861146152485162 ], [ 3296494.830211525317281, 3635148.407566140405834 ], [ 3293928.248031795956194, 3632875.467639776412398 ], [ 3292536.887980268336833, 3632190.082791458815336 ], [ 3291856.592308132443577, 3631143.871334390714765 ], [ 3290990.94968382595107, 3630675.035833119414747 ], [ 3290928.73322042170912, 3630458.816010122187436 ], [ 3290248.44868023507297, 3630061.834188889246434 ], [ 3289908.089337134733796, 3629593.039627786260098 ], [ 3289630.157964470330626, 3629629.18600997608155 ], [ 3289320.80109955649823, 3629376.591999797150493 ], [ 3289290.010128402616829, 3629088.104907279834151 ], [ 3289104.440537250600755, 3629160.161135159432888 ], [ 3287682.066875589080155, 3628150.347531300503761 ], [ 3284311.412881909869611, 3626347.604639786295593 ], [ 3283383.76530123129487, 3625554.397197747137398 ], [ 3281714.039731026627123, 3624725.095304676797241 ], [ 3281342.88941677287221, 3624328.530626323539764 ], [ 3279951.52936524618417, 3623535.452269273344427 ], [ 3277848.871163397096097, 3622562.235257521271706 ], [ 3277632.299094058573246, 3622706.272325359750539 ], [ 3275653.428165972232819, 3621661.107227716594934 ], [ 3273334.209026734810323, 3620111.460632539354265 ], [ 3270485.443069792818278, 3618742.12570540420711 ], [ 3272343.921968586742878, 3614561.329441192559898 ], [ 3280798.069564932957292, 3605886.830299794208258 ], [ 3285046.477743516676128, 3600126.37263600807637 ], [ 3297859.662828396074474, 3601625.847183878999203 ], [ 3298708.752244422212243, 3537369.88452378148213 ], [ 3308296.922625428065658, 3567757.984188274480402 ], [ 3332846.165402272716165, 3579531.94486956205219 ], [ 3324753.817282953765243, 3586860.32622975576669 ], [ 3335183.44056291738525, 3597846.501628840342164 ], [ 3331174.313629793934524, 3601502.301501157227904 ], [ 3335041.174253683071584, 3605359.623675130773336 ], [ 3330256.428768457844853, 3610529.554954147897661 ], [ 3323052.666220498271286, 3623818.619198167696595 ], [ 3329772.756712909787893, 3626939.33400935633108 ], [ 3329082.275307366624475, 3628097.861076023429632 ], [ 3330314.615466295275837, 3630167.577040897216648 ], [ 3328714.531369531527162, 3632773.909434302709997 ], [ 3338057.041898254770786, 3650863.731476606335491 ], [ 3338378.076177753508091, 3656704.410377583000809 ], [ 3343694.060536942910403, 3656853.816412321291864 ], [ 3344872.889416647143662, 3660121.918533910997212 ], [ 3345626.221806692890823, 3659966.511709788814187 ], [ 3348528.710549890529364, 3669221.846704354509711 ], [ 3349525.576589944306761, 3669328.928696976043284 ], [ 3349155.060796787962317, 3669509.788798456545919 ], [ 3349000.493683821521699, 3670776.183706524316221 ], [ 3348346.102057193871588, 3671167.781978606712073 ], [ 3348041.843624956905842, 3671680.904047551099211 ], [ 3348072.634596110787243, 3672223.609306141268462 ], [ 3347547.128675922751427, 3672947.757442363537848 ], [ 3347763.700745261274278, 3673635.42502615833655 ], [ 3347485.33522658329457, 3673816.348578113131225 ], [ 3347454.132373313885182, 3674033.812184253707528 ], [ 3348103.625942348036915, 3674178.464297116734087 ], [ 3347825.271555619314313, 3674323.365700038149953 ], [ 3348072.634596110787243, 3674757.571958051528782 ], [ 3347763.700745261274278, 3674829.908583413809538 ], [ 3347701.484281857032329, 3675191.559012861456722 ], [ 3348227.624723142478615, 3675589.996702940203249 ], [ 3348660.345847753807902, 3675300.426324237603694 ], [ 3348722.128165144473314, 3675481.126821708865464 ], [ 3348474.776256601791829, 3675626.291222126223147 ], [ 3348474.776256601791829, 3675826.388678951654583 ] ] ] ] } },
{ "type": "Feature", "properties": { "gid": 24, "gm_layer": "Unknown Area Type", "gm_type": "Unknown Area Type", "id_0": 69, "iso": "EGY", "name_0": "Egypt", "id_1": 11, "name": "Al Qahirah", "hasc_1": "EG.FY", "ccn_1": 0, "cca_1": null, "type_1": "Muhafazah", "type": "Governorate", "nl_name_1": "?????? ??????", "varname_1": "El Faiyum|el Fayoum|Faium|Faiyum|Fayum|Fayoum|Fayyum", "name_1": null, "engtype_1": null, "perimeter": "222.69 km", "enclosed_a": "2906.2 sq km", "length": null, "width": null, "island_are": null, "layer": null, "shape_leng": null, "shape_area": null, "population_sum": 9190246.0 }, "geometry": { "type": "MultiPolygon", "coordinates": [ [ [ [ 3486634.698718175292015, 3472796.939629897940904 ], [ 3499533.032081563491374, 3471245.88425707211718 ], [ 3512487.192169583868235, 3473077.232809604611248 ], [ 3527010.233501099981368, 3472658.513626825995743 ], [ 3550348.9992670067586, 3469366.132504920940846 ], [ 3551867.341461681760848, 3486927.718896122649312 ], [ 3551046.70530750323087, 3509614.137788923457265 ], [ 3546863.897704843897372, 3527698.374917794018984 ], [ 3526299.146857810672373, 3527197.282635317649692 ], [ 3516774.673489436041564, 3528964.213690981268883 ], [ 3499103.283187356311828, 3528124.080662445165217 ], [ 3497074.518863495439291, 3528819.523080182261765 ], [ 3497258.596773471683264, 3527770.35302188526839 ], [ 3496014.167317842599005, 3528032.936832790262997 ], [ 3495561.698115564417094, 3526095.45147545542568 ], [ 3492923.559767152648419, 3526627.689279931597412 ], [ 3492864.104027120396495, 3524418.067193904425949 ], [ 3491681.668395914137363, 3523454.217458628583699 ], [ 3490936.195161918643862, 3524955.642451007850468 ], [ 3488722.918782067950815, 3524644.981123643927276 ], [ 3486712.622361731249839, 3525649.430415782611817 ], [ 3487617.349259255453944, 3523726.548060782719404 ], [ 3486150.392141530290246, 3521838.571128606330603 ], [ 3485738.899643812794238, 3521853.541912378743291 ], [ 3483256.820089544635266, 3520414.367740237154067 ], [ 3482546.813245315570384, 3518142.730413615237921 ], [ 3477832.978275725618005, 3517132.981042746920139 ], [ 3475992.755773422308266, 3513275.354056975338608 ], [ 3475042.599391705356538, 3512282.674082896672189 ], [ 3475408.651273280847818, 3509724.272882459219545 ], [ 3476406.574848497286439, 3508184.679914389271289 ], [ 3475756.435626417398453, 3507733.410377062857151 ], [ 3476174.084091975353658, 3503105.846028259489685 ], [ 3477714.923955739010125, 3498652.252532272133976 ], [ 3480401.686657729558647, 3496733.185469150543213 ], [ 3481837.641297268681228, 3494925.647191057447344 ], [ 3482132.77153125917539, 3493166.129819951951504 ], [ 3482437.67561654234305, 3488554.868006182368845 ], [ 3483834.345607779920101, 3483235.60960281919688 ], [ 3483870.023504579439759, 3478399.129331017844379 ], [ 3483164.246801001019776, 3474150.053806350566447 ], [ 3484120.559150558896363, 3474238.351335339713842 ], [ 3485194.07979197287932, 3471974.920053751673549 ], [ 3486634.698718175292015, 3472796.939629897940904 ] ] ] ] } },
{ "type": "Feature", "properties": { "gid": 25, "gm_layer": "Governorate", "gm_type": "Unknown Area Type", "id_0": 69, "iso": "EGY", "name_0": "Egypt", "id_1": 21, "name": "Dumyat", "hasc_1": "EG.DT", "ccn_1": 0, "cca_1": null, "type_1": "Muhafazah", "type": "Governorate", "nl_name_1": null, "varname_1": "Damietta|Damiette|Dumiat", "name_1": null, "engtype_1": null, "perimeter": null, "enclosed_a": null, "length": null, "width": null, "island_are": null, "layer": null, "shape_leng": null, "shape_area": null, "population_sum": 1544126.0 }, "geometry": { "type": "MultiPolygon", "coordinates": [ [ [ [ 3545015.604539457242936, 3701419.094619296025485 ], [ 3540531.933749031275511, 3698163.374142817687243 ], [ 3538398.284200946334749, 3697220.597125650849193 ], [ 3536635.773835165426135, 3696205.429415031336248 ], [ 3535893.48433860624209, 3696132.73138193693012 ], [ 3535738.917225639801472, 3696350.095741671510041 ], [ 3535986.269134182482958, 3695552.598569876980036 ], [ 3535522.556663334369659, 3695371.601519519463181 ], [ 3535274.982115809805691, 3695045.210546046961099 ], [ 3535274.982115809805691, 3694501.231918489560485 ], [ 3535429.983374790288508, 3694029.727667775936425 ], [ 3535769.908571877051145, 3693667.272369774524122 ], [ 3536418.990258793812245, 3693486.04222728125751 ], [ 3536140.847379098180681, 3692470.949926504399627 ], [ 3536790.129441098775715, 3691890.990963087417185 ], [ 3536759.349601894617081, 3691564.445017107762396 ], [ 3536388.199287640862167, 3691673.457987010478973 ], [ 3535089.624031689949334, 3693159.701625897083431 ], [ 3534687.693878232035786, 3692942.146066809538752 ], [ 3534347.546042164321989, 3693196.04826817382127 ], [ 3534780.267166775185615, 3694646.126056627836078 ], [ 3535027.619075318332762, 3696930.501430919859558 ], [ 3534625.688921859953552, 3695661.412165231537074 ], [ 3531131.459161452017725, 3694320.002456864807755 ], [ 3530111.026785197202116, 3694174.86420019576326 ], [ 3528626.870806144550443, 3693594.837415943387896 ], [ 3527482.651156128384173, 3693413.856318932026625 ], [ 3522225.911029939074069, 3691890.990963087417185 ], [ 3522040.541813869960606, 3691963.428867920301855 ], [ 3521669.614138597622514, 3691709.800209456123412 ], [ 3516103.517147494480014, 3690586.086034074425697 ], [ 3513877.071671883575618, 3690550.00811310717836 ], [ 3512546.002256570383906, 3688839.371391818393022 ], [ 3504203.118491272442043, 3680261.977790271863341 ], [ 3506224.235166114754975, 3678885.716328918933868 ], [ 3513958.390559908002615, 3678688.54101823316887 ], [ 3511681.840181490872055, 3677041.730911852326244 ], [ 3512302.257099528796971, 3674488.154033324215561 ], [ 3517847.759984836447984, 3671283.817837225273252 ], [ 3518311.483587633352727, 3672324.007718531414866 ], [ 3523437.011430024635047, 3667074.034534382168204 ], [ 3525005.881541570648551, 3668141.935105841141194 ], [ 3526612.54462024057284, 3667800.366656668484211 ], [ 3526831.454398885369301, 3666297.570444538723677 ], [ 3522852.695422850549221, 3663905.652019646018744 ], [ 3519846.590497622266412, 3664494.470496900379658 ], [ 3519959.757891962304711, 3662797.149872817564756 ], [ 3521833.955102856270969, 3660847.332523873075843 ], [ 3516672.972002647351474, 3657135.769612743053585 ], [ 3516676.155740084126592, 3653999.475173308514059 ], [ 3517976.222677211277187, 3653511.650552073959261 ], [ 3519470.987403735984117, 3654041.898446142207831 ], [ 3521878.75006595114246, 3657444.77004275098443 ], [ 3526170.272283318452537, 3660940.192558454815298 ], [ 3527006.404110616073012, 3659973.956615075469017 ], [ 3529248.133752312976867, 3660084.172977460548282 ], [ 3536313.893527536187321, 3661951.935937880538404 ], [ 3535373.922879226971418, 3663519.505836405325681 ], [ 3538125.662767993286252, 3664884.123840717598796 ], [ 3538453.910550495609641, 3666609.288369032554328 ], [ 3536893.322609064634889, 3668242.300155991222709 ], [ 3536305.611357420682907, 3672725.844103299081326 ], [ 3539400.88319477532059, 3672496.716797123197466 ], [ 3538805.735801147297025, 3674713.578571368474513 ], [ 3540295.190587962046266, 3675155.760983049403876 ], [ 3542357.295099314302206, 3679137.580268991645426 ], [ 3546574.0774105633609, 3678737.528215027414262 ], [ 3546536.918964536394924, 3679621.443135275971144 ], [ 3549397.996857160236686, 3678734.047745142597705 ], [ 3568614.267920520156622, 3679026.684411691501737 ], [ 3569227.460050866473466, 3680449.478283658623695 ], [ 3568609.169487841892987, 3680876.692052613012493 ], [ 3568145.457016993314028, 3681492.180345970671624 ], [ 3567403.167520434595644, 3681890.588178304955363 ], [ 3566877.450093213934451, 3682542.67713149311021 ], [ 3565888.009063196368515, 3683194.31831629248336 ], [ 3565640.445647621527314, 3683592.781521379482001 ], [ 3565145.719566637650132, 3683846.241955070756376 ], [ 3564249.285971177276224, 3684897.188501844182611 ], [ 3562919.285222976002842, 3685875.092580162454396 ], [ 3561651.70131326187402, 3688085.427001324482262 ], [ 3561558.916517686098814, 3688629.355011415667832 ], [ 3561030.649874126072973, 3689021.028423915151507 ], [ 3559981.764236025046557, 3690477.330671499483287 ], [ 3559703.621356328483671, 3691274.483600686769933 ], [ 3559827.197123058605939, 3692616.067945049144328 ], [ 3559487.049286990892142, 3691347.165781323798001 ], [ 3559363.473520260769874, 3692072.197452385444194 ], [ 3559053.905148313846439, 3692289.737525211181492 ], [ 3558899.538410431239754, 3692797.024176142178476 ], [ 3558466.616910736076534, 3693340.665907465387136 ], [ 3558281.036187634337693, 3694428.544028283562511 ], [ 3557933.040327465161681, 3695118.150111598894 ], [ 3557693.536443023942411, 3696241.53709242073819 ], [ 3557415.182056295219809, 3696894.39171612681821 ], [ 3557291.606289565563202, 3696894.39171612681821 ], [ 3557229.823972175363451, 3697547.046250843442976 ], [ 3557600.751647447701544, 3697655.864565810188651 ], [ 3558126.469074667897075, 3696858.047121874522418 ], [ 3558621.184023702517152, 3696712.878700901288539 ], [ 3559023.325684192590415, 3696313.98774328129366 ], [ 3559425.255837650969625, 3695298.908449775539339 ], [ 3559425.255837650969625, 3694573.424251906573772 ], [ 3559672.618878143373877, 3694646.126056627836078 ], [ 3559363.473520260769874, 3695842.661531096324325 ], [ 3559456.258315837010741, 3695987.819606948178262 ], [ 3559889.190947480965406, 3694428.544028283562511 ], [ 3559858.188469295855612, 3692760.9266785425134 ], [ 3560012.766714211087674, 3694211.200810560956597 ], [ 3559796.406151904724538, 3695770.213676470797509 ], [ 3559981.764236025046557, 3695661.412165231537074 ], [ 3560105.551509787328541, 3695081.30174048896879 ], [ 3560352.914550278801471, 3695226.202759629581124 ], [ 3560507.48166324570775, 3694392.441710260696709 ], [ 3560600.477965854108334, 3694646.126056627836078 ], [ 3560693.051254398189485, 3694392.441710260696709 ], [ 3560816.838528159540147, 3694573.424251906573772 ], [ 3561156.986364227253944, 3693703.868498923722655 ], [ 3560940.414294889662415, 3692942.146066809538752 ], [ 3561156.986364227253944, 3692906.048140534199774 ], [ 3561280.562130957376212, 3693304.827823795378208 ], [ 3561404.33827277040109, 3693304.827823795378208 ], [ 3561311.553477194160223, 3692760.9266785425134 ], [ 3561033.199090465903282, 3692543.378218564204872 ], [ 3561126.195393074303865, 3692470.949926504399627 ], [ 3561280.562130957376212, 3692543.378218564204872 ], [ 3561342.344448347575963, 3692326.081580125261098 ], [ 3560940.414294889662415, 3691601.034849772229791 ], [ 3561342.344448347575963, 3691746.142539953347296 ], [ 3561651.70131326187402, 3692180.96700480254367 ], [ 3561775.277079991064966, 3692906.048140534199774 ], [ 3561466.131722109392285, 3694247.302592977881432 ], [ 3560755.056210769806057, 3695516.257968959864229 ], [ 3558404.823461396619678, 3697112.030736557208002 ], [ 3556240.382942157331854, 3699650.407831111457199 ], [ 3555807.238803480751812, 3699801.826771487481892 ], [ 3554817.808905411977321, 3700629.989473749417812 ], [ 3553797.376529157161713, 3701101.500594912562519 ], [ 3550828.853064020164311, 3700992.899675136432052 ], [ 3549623.062603645958006, 3700847.682062796317041 ], [ 3549375.488056121394038, 3700666.345302398782223 ], [ 3547427.408099188935012, 3700920.160061500966549 ], [ 3546839.696847544983029, 3700702.714298298116773 ], [ 3545200.962623577564955, 3700992.899675136432052 ], [ 3545015.604539457242936, 3701419.094619296025485 ] ] ] ] } },
{ "type": "Feature", "properties": { "gid": 26, "gm_layer": "Unknown Area Type", "gm_type": "Unknown Area Type", "id_0": 69, "iso": "EGY", "name_0": "Egypt", "id_1": 4, "name": "El Faiyum|", "hasc_1": "EG.FY", "ccn_1": 0, "cca_1": null, "type_1": "Muhafazah", "type": "Governorate", "nl_name_1": "?????? ??????", "varname_1": "El Faiyum|el Fayoum|Faium|Faiyum|Fayum|Fayoum|Fayyum", "name_1": null, "engtype_1": null, "perimeter": "331.8 km", "enclosed_a": "5867.9 sq km", "length": null, "width": null, "island_are": "0 sq km", "layer": null, "shape_leng": null, "shape_area": null, "population_sum": 3781693.0 }, "geometry": { "type": "MultiPolygon", "coordinates": [ [ [ [ 3323612.14684927649796, 3387274.16695293225348 ], [ 3351816.342467335984111, 3380675.823469191789627 ], [ 3372403.390608375426382, 3379114.119226327631623 ], [ 3372788.33340753801167, 3371523.115901877172291 ], [ 3381659.483816395513713, 3371000.370054714381695 ], [ 3395930.063674741890281, 3374639.091322671622038 ], [ 3430499.986450171098113, 3386191.024677803274244 ], [ 3436385.002650448586792, 3392370.89675590954721 ], [ 3440361.000903111882508, 3401804.524000491015613 ], [ 3445354.670808658469468, 3401874.092746815644205 ], [ 3445354.670808658469468, 3401874.092746815644205 ], [ 3447774.333524438552558, 3400751.779168639332056 ], [ 3448952.950897111091763, 3403340.963605232071131 ], [ 3451374.517176183871925, 3403141.226955075748265 ], [ 3450319.898584306705743, 3405953.52212237752974 ], [ 3450289.742134251166135, 3406410.493885638192296 ], [ 3452435.503242935054004, 3408423.005684675183147 ], [ 3458465.112329803407192, 3420169.241763130296022 ], [ 3464949.940210373140872, 3429448.220593499019742 ], [ 3462060.40905590262264, 3433936.939667916856706 ], [ 3454787.216541534755379, 3467855.099426209460944 ], [ 3424149.97760490141809, 3468903.999612090177834 ], [ 3366386.304964221082628, 3428648.456319436896592 ], [ 3340756.116535926703364, 3404697.531750481575727 ], [ 3323612.14684927649796, 3387274.16695293225348 ] ] ] ] } },
{ "type": "Feature", "properties": { "gid": 27, "gm_layer": "Unknown Area Type", "gm_type": "Unknown Area Type", "id_0": null, "iso": null, "name_0": null, "id_1": null, "name": "Luxor", "hasc_1": null, "ccn_1": null, "cca_1": null, "type_1": null, "type": "gov", "nl_name_1": null, "varname_1": null, "name_1": null, "engtype_1": null, "perimeter": null, "enclosed_a": null, "length": null, "width": null, "island_are": null, "layer": "Unknown Area Type", "shape_leng": 1.55532429874, "shape_area": 0.053551662016799999, "population_sum": 2042320.0 }, "geometry": { "type": "MultiPolygon", "coordinates": [ [ [ [ 3654735.300666642840952, 2957067.359969804063439 ], [ 3654818.122367793228477, 2961137.793397951405495 ], [ 3646060.751610475126654, 2965538.23247072705999 ], [ 3646060.751610475126654, 2965538.23247072705999 ], [ 3644403.427031545434147, 2966475.445441806223243 ], [ 3644403.427031545434147, 2966475.457799640018493 ], [ 3644269.609871662221849, 2966542.672214261256158 ], [ 3644141.948679620865732, 2966606.797449936158955 ], [ 3644136.126670252066106, 2966609.726283150259405 ], [ 3644018.261593400035053, 2966715.782569625880569 ], [ 3643955.967206352390349, 2966825.29989755526185 ], [ 3643843.746027683839202, 2967225.992969471029937 ], [ 3643815.693516003433615, 2967326.084525523241609 ], [ 3643603.507434602826834, 2968105.756715699564666 ], [ 3643459.949819275643677, 2968663.22930262517184 ], [ 3643247.719210078939795, 2969442.688227143604308 ], [ 3643241.307207408361137, 2969555.686818193644285 ], [ 3643390.709096002392471, 2970866.988976549822837 ], [ 3643470.246872174087912, 2971438.139959098305553 ], [ 3643517.613315506372601, 2971691.167830914258957 ], [ 3643517.646711354143918, 2971692.008462348021567 ], [ 3643447.381848765071481, 2971679.151751560624689 ], [ 3642665.150918909814209, 2971604.719034934882075 ], [ 3642309.117791505996138, 2971574.92627464979887 ], [ 3641953.129191897809505, 2971525.774533533956856 ], [ 3641255.701450129039586, 2971469.601316812913865 ], [ 3641212.208925075829029, 2971466.090497911907732 ], [ 3640846.691377056296915, 2971378.184316901024431 ], [ 3640529.119133721105754, 2971367.800271811429411 ], [ 3639990.51090946700424, 2971221.423104145564139 ], [ 3639903.637178851757199, 2971196.081373107619584 ], [ 3639254.77813091641292, 2971006.823293082416058 ], [ 3638976.189973257016391, 2970793.302069333381951 ], [ 3638630.342579260002822, 2970540.895386591088027 ], [ 3638236.427429138682783, 2970269.012053025420755 ], [ 3638015.536163558252156, 2970084.63611543411389 ], [ 3637796.359218135010451, 2969844.206747795920819 ], [ 3637679.629600089974701, 2969716.150762302335352 ], [ 3637401.375400902703404, 2969386.498265008907765 ], [ 3637257.695334135554731, 2969115.229602184146643 ], [ 3636859.605703109875321, 2968694.758869187906384 ], [ 3636660.388342386577278, 2968271.37101491773501 ], [ 3636391.01743856491521, 2967878.027745673898607 ], [ 3636101.263935978990048, 2967422.555684399791062 ], [ 3635970.229763366747648, 2967216.563463053666055 ], [ 3635622.089187858626246, 2966609.44205036573112 ], [ 3635430.430420560296625, 2966111.857740855775774 ], [ 3635393.917627580463886, 2965925.766899012494832 ], [ 3635311.418752953410149, 2965505.362765338271856 ], [ 3635275.852175645064563, 2965274.930895454250276 ], [ 3635096.037802166305482, 2964874.402245476376265 ], [ 3634903.989416650496423, 2964546.588283761404455 ], [ 3634610.117092905100435, 2964017.270047541707754 ], [ 3634589.567514904309064, 2963933.70823240512982 ], [ 3634444.729725433047861, 2963745.445685477927327 ], [ 3634227.734642030205578, 2963369.100797635503113 ], [ 3634118.44116596924141, 2963160.150763236451894 ], [ 3633845.608225984033197, 2962638.492880921345204 ], [ 3633514.85575493844226, 2962115.753982787020504 ], [ 3633215.773679024539888, 2961569.289813647046685 ], [ 3633143.026391791179776, 2961436.352138647343963 ], [ 3632879.021087425760925, 2961193.507102298084646 ], [ 3632755.189285867381841, 2960932.259832001756877 ], [ 3632610.663190970662981, 2960650.091308167204261 ], [ 3632393.634711720515043, 2960315.540481821633875 ], [ 3632238.68911248492077, 2960054.222332648001611 ], [ 3632166.721061686519533, 2959807.743845995049924 ], [ 3632063.706004906911403, 2959536.145491050556302 ], [ 3632003.315181151498109, 2959372.828209266066551 ], [ 3631970.999132974538952, 2959285.439014886040241 ], [ 3631847.078275823500007, 2959065.961642624810338 ], [ 3631843.549447965342551, 2959055.17869212757796 ], [ 3631840.009488157462329, 2959044.408101119101048 ], [ 3631775.054565279744565, 2958846.623408363666385 ], [ 3631723.502509093377739, 2958731.706201274879277 ], [ 3631713.472622973844409, 2958606.46426497399807 ], [ 3631796.784129883162677, 2958502.356172441504896 ], [ 3631880.273747977800667, 2958336.691318753175437 ], [ 3631960.791135668754578, 2958236.068090697750449 ], [ 3631962.182629303541034, 2958234.326612137258053 ], [ 3631963.585254887118936, 2958232.585133782122284 ], [ 3632067.969541403930634, 2958013.765694567468017 ], [ 3632068.381423520389944, 2957867.694382172077894 ], [ 3631996.32431713026017, 2957658.822456681169569 ], [ 3631924.211550993844867, 2957470.813086087815464 ], [ 3631748.371283336542547, 2957272.073871316388249 ], [ 3631531.153560951817781, 2957031.483459983021021 ], [ 3631365.721665683668107, 2956822.351699403952807 ], [ 3631137.750480487942696, 2956717.367044830694795 ], [ 3631003.154084170702845, 2956612.642479054629803 ], [ 3630816.90544412471354, 2956434.748269265051931 ], [ 3630579.104747891426086, 2956141.93450864078477 ], [ 3630299.748485745396465, 2955869.872752796392888 ], [ 3630093.072719139046967, 2955587.591299936641008 ], [ 3629896.705137379467487, 2955326.196507434826344 ], [ 3629400.131152849178761, 2954844.848546689376235 ], [ 3629131.261186736170202, 2954551.955246474593878 ], [ 3628836.253404184710234, 2954329.905996314249933 ], [ 3628515.608742903918028, 2954015.995332761667669 ], [ 3628329.760853024665266, 2953723.353096115402877 ], [ 3628141.564121889416128, 2953464.337274500634521 ], [ 3628071.499634383711964, 2953367.908197201322764 ], [ 3627834.211007808800787, 2952944.738931516651064 ], [ 3627751.667605386581272, 2952798.458583266939968 ], [ 3627643.542983978521079, 2952768.444623013492674 ], [ 3627640.604149421211332, 2952767.629765216261148 ], [ 3627637.665314864367247, 2952766.814907463733107 ], [ 3627565.552548727951944, 2952879.969449098221958 ], [ 3627565.129534663632512, 2952880.636156008113176 ], [ 3627564.695388649590313, 2952881.315209373366088 ], [ 3627378.10165818175301, 2952839.004071241244674 ], [ 3627274.763774878811091, 2952713.51590042700991 ], [ 3627264.878604096360505, 2952557.039919198956341 ], [ 3627265.401805703062564, 2952390.157904680818319 ], [ 3627204.643627628218383, 2952328.687229378148913 ], [ 3627203.997974581085145, 2952328.03289338061586 ], [ 3627203.352321534883231, 2952327.390903373714536 ], [ 3627074.321899756323546, 2952356.88543464615941 ], [ 3626992.691317157354206, 2952243.278108198661357 ], [ 3626951.625557004008442, 2952107.560352882836014 ], [ 3626765.376916957087815, 2951960.954974821768701 ], [ 3626620.617051129695028, 2951814.474509120453149 ], [ 3626361.966214272193611, 2951605.058734414167702 ], [ 3626165.387125480454415, 2951447.989595276769251 ], [ 3625989.6025175685063, 2951280.552253024186939 ], [ 3625906.324406505562365, 2951169.91601322311908 ], [ 3625863.599985939450562, 2951122.301453027874231 ], [ 3625817.446925055701286, 2951060.984199340920895 ], [ 3625698.93619515793398, 2950933.992742997594178 ], [ 3625570.762933458201587, 2950773.906305161304772 ], [ 3625476.519852553028613, 2950642.70782669307664 ], [ 3625382.499410629272461, 2950555.172870359849185 ], [ 3625330.101326312869787, 2950506.387572147883475 ], [ 3625268.652967394795269, 2950449.158870189450681 ], [ 3625218.002599084284157, 2950402.003376589156687 ], [ 3625155.285197970923036, 2950340.787870259955525 ], [ 3625052.448252375703305, 2950240.416715370956808 ], [ 3624928.527395225595683, 2950119.48093479545787 ], [ 3624592.108762098476291, 2949921.272826806176454 ], [ 3624281.148896516766399, 2949868.095193518791348 ], [ 3623949.706244628410786, 2949835.717169411014766 ], [ 3623949.539265393279493, 2949835.704825534485281 ], [ 3623949.372286156285554, 2949835.692481657490134 ], [ 3623593.283499006647617, 2949834.482781792525202 ], [ 3623589.832594792358577, 2949834.470437916461378 ], [ 3623586.381690577603877, 2949834.458094040397555 ], [ 3623275.210317963268608, 2949843.827098634094 ], [ 3622984.67757894191891, 2949884.537282514385879 ], [ 3622538.676039078272879, 2949893.424905813764781 ], [ 3622161.848430793732405, 2949892.104105901904404 ], [ 3622158.397526579443365, 2949892.091761977877468 ], [ 3622154.946622364688665, 2949892.079418053850532 ], [ 3621377.290923581924289, 2949837.198434689082205 ], [ 3621083.429731785319746, 2949836.149205101653934 ], [ 3621079.978827570565045, 2949836.136861224658787 ], [ 3621076.527923355810344, 2949836.124517347663641 ], [ 3620692.987749777268618, 2949782.613907352089882 ], [ 3620413.074890176765621, 2949750.322477388661355 ], [ 3619941.302888195961714, 2949718.364400085061789 ], [ 3619661.434556391555816, 2949675.630300548393279 ], [ 3619373.851783876307309, 2949633.229604824911803 ], [ 3619372.527081936597824, 2949633.044449214823544 ], [ 3619371.202379995491356, 2949632.846949900966138 ], [ 3619066.977343606762588, 2949631.723672601860017 ], [ 3619063.526439392473549, 2949631.711328895296901 ], [ 3619060.075535177718848, 2949631.698985188733786 ], [ 3618686.954865937586874, 2949567.734038803260773 ], [ 3618324.164645441807806, 2949514.236745353322476 ], [ 3618134.142274657264352, 2949457.258761384524405 ], [ 3618134.131142708007246, 2949457.258761384524405 ], [ 3618134.108878810424358, 2949457.258761384524405 ], [ 3617971.949776571244001, 2949408.625214202795178 ], [ 3617443.93916784087196, 2949166.780616436619312 ], [ 3617133.580427509266883, 2948967.474416495300829 ], [ 3617133.201941240113229, 2948967.264582935255021 ], [ 3617132.823454971890897, 2948967.054749377071857 ], [ 3616833.474212280474603, 2948799.472747889347374 ], [ 3616585.498914588242769, 2948558.687266860157251 ], [ 3616337.456825203262269, 2948338.752391388174146 ], [ 3616311.096369782462716, 2948323.114293599501252 ], [ 3616311.062973936088383, 2948323.101950987242162 ], [ 3616311.029578088317066, 2948323.077265762723982 ], [ 3615789.108145505189896, 2948013.379691626410931 ], [ 3615602.981956897769123, 2947877.09605626668781 ], [ 3615592.651508152484894, 2947866.62984103243798 ], [ 3615582.321059407200664, 2947856.163633216172457 ], [ 3615355.374013526830822, 2947552.89367215288803 ], [ 3615231.675795357208699, 2947364.729220437817276 ], [ 3615067.902560502756387, 2946821.921654324512929 ], [ 3615068.559345497749746, 2946655.104464279487729 ], [ 3615173.032687607221305, 2946457.436492484994233 ], [ 3615184.743498038966209, 2946113.43363834079355 ], [ 3615134.215581167954952, 2945779.61969087459147 ], [ 3615053.074804328847677, 2945320.597719264682382 ], [ 3614947.877885528840125, 2944875.311778743751347 ], [ 3614901.201623039785773, 2944674.644417051691562 ], [ 3614901.991991423536092, 2944474.177209600340575 ], [ 3614875.063806600868702, 2944080.753101348876953 ], [ 3614875.965494476724416, 2943851.655383375007659 ], [ 3614981.596559289842844, 2943546.604455393273383 ], [ 3615153.763283750973642, 2943222.731481391005218 ], [ 3615190.109097494743764, 2943139.756290301214904 ], [ 3615190.231548935640603, 2943139.793305152561516 ], [ 3615450.841608830727637, 2943215.069366170093417 ], [ 3615903.03251238213852, 2943130.774022447410971 ], [ 3616351.91722705680877, 2943102.445367256179452 ], [ 3616902.291921488475055, 2943250.529816802125424 ], [ 3617351.321351501625031, 2943222.176255517173558 ], [ 3617474.70787509623915, 2943204.939587082248181 ], [ 3617640.462596887722611, 2943194.970213220454752 ], [ 3635785.81789491744712, 2941882.884048133622855 ], [ 3644193.367152417544276, 2942492.133954110555351 ], [ 3651618.054361805785447, 2947028.221229842863977 ], [ 3654735.300666642840952, 2957067.359969804063439 ] ] ] ] } }
]
}
